"sp_name","Importance"
"Abalistes_stellatus",NA
"Abudefduf_abdominalis",NA
"Abudefduf_bengalensis","minor commercial"
"Abudefduf_concolor",NA
"Abudefduf_conformis",NA
"Abudefduf_luridus",NA
"Abudefduf_notatus","of no interest"
"Abudefduf_saxatilis","minor commercial"
"Abudefduf_septemfasciatus","minor commercial"
"Abudefduf_sexfasciatus","minor commercial"
"Abudefduf_sordidus","minor commercial"
"Abudefduf_sparoides","of no interest"
"Abudefduf_troschelii",NA
"Abudefduf_vaigiensis","subsistence fisheries"
"Abudefduf_whitleyi",NA
"Acanthaluteres_brownii",NA
"Acanthaluteres_spilomelanurus",NA
"Acanthaluteres_vittiger",NA
"Acanthemblemaria_atrata",NA
"Acanthemblemaria_castroi",NA
"Acanthemblemaria_crockeri",NA
"Acanthemblemaria_hancocki",NA
"Acanthemblemaria_spinosa",NA
"Acanthemblemaria_stephensi",NA
"Acanthistius_cinctus",NA
"Acanthistius_ocellatus",NA
"Acanthistius_pardalotus",NA
"Acanthistius_patachonicus",NA
"Acanthistius_sebastoides","commercial"
"Acanthistius_serratus",NA
"Acanthochromis_polyacanthus",NA
"Acanthopagrus_australis","commercial"
"Acanthopagrus_latus",NA
"Acanthostracion_polygonius","commercial"
"Acanthostracion_quadricornis","minor commercial"
"Acanthurus_achilles","commercial"
"Acanthurus_albipectoralis",NA
"Acanthurus_auranticavus","commercial"
"Acanthurus_bahianus",NA
"Acanthurus_bariene","commercial"
"Acanthurus_blochii","commercial"
"Acanthurus_chirurgus","minor commercial"
"Acanthurus_chronixis","of no interest"
"Acanthurus_coeruleus","minor commercial"
"Acanthurus_dussumieri","minor commercial"
"Acanthurus_fowleri","minor commercial"
"Acanthurus_gahhm",NA
"Acanthurus_grammoptilus","commercial"
"Acanthurus_guttatus","commercial"
"Acanthurus_leucocheilus",NA
"Acanthurus_leucopareius","minor commercial"
"Acanthurus_leucosternon","minor commercial"
"Acanthurus_lineatus","commercial"
"Acanthurus_maculiceps","commercial"
"Acanthurus_mata","commercial"
"Acanthurus_nigricans","subsistence fisheries"
"Acanthurus_nigricauda","commercial"
"Acanthurus_nigrofuscus","commercial"
"Acanthurus_nigroris",NA
"Acanthurus_nubilus",NA
"Acanthurus_olivaceus","commercial"
"Acanthurus_pyroferus","commercial"
"Acanthurus_reversus",NA
"Acanthurus_sohal",NA
"Acanthurus_tennentii","commercial"
"Acanthurus_thompsoni",NA
"Acanthurus_triostegus","commercial"
"Acanthurus_tristis",NA
"Acanthurus_xanthopterus","minor commercial"
"Achoerodus_gouldii","minor commercial"
"Achoerodus_viridis",NA
"Aetapcus_maculatus",NA
"Aethaloperca_rogaa","minor commercial"
"Afurcagobius_tamarensis",NA
"Aioliops_brachypterus",NA
"Aioliops_novaeguineae",NA
"Albula_glossodonta","minor commercial"
"Alectis_ciliaris","minor commercial"
"Alloclinus_holderi",NA
"Allomycterus_pilatus",NA
"Alphestes_immaculatus","of no interest"
"Altrichthys_azurelineatus",NA
"Altrichthys_curatus",NA
"Aluterus_scriptus",NA
"Amanses_scopas","minor commercial"
"Ambassis_jacksoniensis",NA
"Amblycirrhitus_bimacula",NA
"Amblycirrhitus_earnshawi",NA
"Amblycirrhitus_pinos",NA
"Amblyeleotris_fasciata",NA
"Amblyeleotris_guttata",NA
"Amblyeleotris_gymnocephala","of no interest"
"Amblyeleotris_japonica",NA
"Amblyeleotris_periophthalma",NA
"Amblyeleotris_steinitzi",NA
"Amblyeleotris_sungami",NA
"Amblyeleotris_wheeleri",NA
"Amblyglyphidodon_aureus",NA
"Amblyglyphidodon_batunai",NA
"Amblyglyphidodon_curacao","of no interest"
"Amblyglyphidodon_flavilatus",NA
"Amblyglyphidodon_indicus",NA
"Amblyglyphidodon_leucogaster","minor commercial"
"Amblyglyphidodon_melanopterus",NA
"Amblyglyphidodon_orbicularis",NA
"Amblyglyphidodon_ternatensis",NA
"Amblygobius_buanensis",NA
"Amblygobius_bynoensis",NA
"Amblygobius_decussatus",NA
"Amblygobius_nocturnus",NA
"Amblygobius_phalaena","minor commercial"
"Amblyrhynchotes_honckenii","of no interest"
"Ammodytes_tobianus","highly commercial"
"Amphichaetodon_howensis",NA
"Amphichthys_cryptocentrus","minor commercial"
"Amphiprion_akallopisos","of no interest"
"Amphiprion_akindynos",NA
"Amphiprion_allardi",NA
"Amphiprion_bicinctus",NA
"Amphiprion_chrysopterus","subsistence fisheries"
"Amphiprion_clarkii","subsistence fisheries"
"Amphiprion_ephippium",NA
"Amphiprion_frenatus",NA
"Amphiprion_fuscocaudatus",NA
"Amphiprion_latezonatus",NA
"Amphiprion_leucokranos",NA
"Amphiprion_mccullochi",NA
"Amphiprion_melanopus","subsistence fisheries"
"Amphiprion_nigripes",NA
"Amphiprion_ocellaris","of no interest"
"Amphiprion_percula","of no interest"
"Amphiprion_perideraion","of no interest"
"Amphiprion_rubrocinctus",NA
"Amphiprion_sandaracinos",NA
"Anampses_caeruleopunctatus","minor commercial"
"Anampses_cuvier","of no interest"
"Anampses_elegans","of no interest"
"Anampses_femininus",NA
"Anampses_geographicus","minor commercial"
"Anampses_lennardi",NA
"Anampses_lineatus",NA
"Anampses_melanurus",NA
"Anampses_meleagrides","minor commercial"
"Anampses_neoguinaicus","minor commercial"
"Anampses_twistii","minor commercial"
"Anarrhichthys_ocellatus","minor commercial"
"Anisotremus_caesius","minor commercial"
"Anisotremus_davidsonii","minor commercial"
"Anisotremus_interruptus","commercial"
"Anisotremus_scapularis",NA
"Anisotremus_surinamensis","commercial"
"Anisotremus_taeniatus","minor commercial"
"Anisotremus_virginicus","minor commercial"
"Anoplocapros_amygdaloides",NA
"Anoplocapros_inermis",NA
"Anoplocapros_lenticularis",NA
"Anyperodon_leucogrammicus","minor commercial"
"Aphareus_furca","commercial"
"Aphareus_rutilans","commercial"
"Aploactisoma_milesii",NA
"Aplodactylus_arctidens",NA
"Aplodactylus_etheridgii",NA
"Aplodactylus_lophodon",NA
"Aplodactylus_westralis",NA
"Apogon_atradorsatus",NA
"Apogon_atricaudus","of no interest"
"Apogon_binotatus",NA
"Apogon_dovii",NA
"Apogon_imberbis",NA
"Apogon_lachneri",NA
"Apogon_maculatus",NA
"Apogon_pacificus",NA
"Apogon_retrosella","of no interest"
"Apogon_townsendi",NA
"Apogonichthyoides_timorensis",NA
"Apolemichthys_trimaculatus","minor commercial"
"Aprion_virescens","highly commercial"
"Aracana_aurita",NA
"Aracana_ornata",NA
"Archamia_bleekeri",NA
"Arcos_poecilophthalmos",NA
"Arenigobius_frenatus",NA
"Argyrosomus_hololepidotus","commercial"
"Argyrosomus_japonicus","commercial"
"Arothron_caeruleopunctatus","of no interest"
"Arothron_diadematus",NA
"Arothron_hispidus","minor commercial"
"Arothron_inconditus",NA
"Arothron_manilensis",NA
"Arothron_mappa","minor commercial"
"Arothron_meleagris",NA
"Arothron_nigropunctatus",NA
"Arothron_stellatus","of no interest"
"Arripis_georgianus","commercial"
"Arripis_trutta","commercial"
"Arripis_truttacea","commercial"
"Arripis_xylabion",NA
"Artedius_harringtoni",NA
"Aspasmogaster_tasmaniensis",NA
"Aspidontus_dussumieri",NA
"Aspidontus_taeniatus",NA
"Assessor_flavissimus",NA
"Assessor_macneilli",NA
"Assessor_randalli",NA
"Assiculus_punctatus",NA
"Asterropteryx_striata",NA
"Atherina_hepsetus","highly commercial"
"Atherina_presbyter","subsistence fisheries"
"Atherinomorus_vaigiensis","minor commercial"
"Atractoscion_aequidens","commercial"
"Atrosalarias_holomelas",NA
"Atule_mate","minor commercial"
"Atypichthys_latus",NA
"Atypichthys_strigatus",NA
"Aulacocephalus_temminckii",NA
"Aulorhynchus_flavidus",NA
"Austrolabrus_maculatus",NA
"Axoclinus_cocoensis",NA
"Axoclinus_lucillae",NA
"Axoclinus_multicinctus",NA
"Axoclinus_rubinoffi",NA
"Azurina_eupalama",NA
"Balistapus_undulatus","commercial"
"Balistes_capriscus","commercial"
"Balistes_polylepis","commercial"
"Balistes_punctatus","commercial"
"Balistes_vetula","minor commercial"
"Balistoides_conspicillum","minor commercial"
"Balistoides_viridescens","commercial"
"Bathygobius_krefftii",NA
"Bathygobius_lineatus","of no interest"
"Bathystethus_cultratus",NA
"Batrachoides_boulengeri",NA
"Belone_belone","commercial"
"Belonoperca_chabanaudi",NA
"Blenniella_chrysospilos","of no interest"
"Bodianus_albotaeniatus",NA
"Bodianus_anthioides",NA
"Bodianus_axillaris","minor commercial"
"Bodianus_bilunulatus","minor commercial"
"Bodianus_diana","minor commercial"
"Bodianus_dictynna",NA
"Bodianus_diplotaenia",NA
"Bodianus_eclancheri","of no interest"
"Bodianus_frenchii",NA
"Bodianus_loxozonus","minor commercial"
"Bodianus_mesothorax",NA
"Bodianus_perditio","commercial"
"Bodianus_rufus","minor commercial"
"Bodianus_scrofa","minor commercial"
"Bodianus_unimaculatus",NA
"Bolbometopon_muricatum","commercial"
"Boops_boops","highly commercial"
"Boopsoidea_inornata","minor commercial"
"Boreogadus_saida","highly commercial"
"Bothragonus_occidentalis",NA
"Bovichtus_angustifrons",NA
"Bovichtus_argentinus",NA
"Brachaluteres_jacksonianus",NA
"Brachionichthys_hirsutus",NA
"Brachyistius_frenatus",NA
"Bryaninops_amplus",NA
"Bryaninops_erythrops",NA
"Bryaninops_natans",NA
"Bryaninops_nexus",NA
"Bryaninops_yongei",NA
"Caesio_caerulaurea","commercial"
"Caesio_cuning","commercial"
"Caesio_lunaris","minor commercial"
"Caesio_striata","subsistence fisheries"
"Caesio_suevica","subsistence fisheries"
"Caesio_teres","minor commercial"
"Caesio_varilineata","minor commercial"
"Caesio_xanthonota","minor commercial"
"Caesioperca_lepidoptera",NA
"Caesioperca_rasor","commercial"
"Caesioscorpis_theagenes",NA
"Caffrogobius_nudiceps","of no interest"
"Calamus_bajonado","minor commercial"
"Calamus_brachysomus","commercial"
"Calamus_calamus","minor commercial"
"Calamus_pennatula","commercial"
"Calamus_taurinus","commercial"
"Callanthias_australis",NA
"Calliclinus_geniguttatus",NA
"Callionymus_comptus",NA
"Callionymus_lyra","minor commercial"
"Calloplesiops_altivelis",NA
"Calotomus_carolinus","commercial"
"Calotomus_japonicus","commercial"
"Calotomus_spinidens","commercial"
"Calotomus_viridescens","minor commercial"
"Cantherhines_dumerilii",NA
"Cantherhines_fronticinctus",NA
"Cantherhines_longicaudus",NA
"Cantherhines_macrocerus",NA
"Cantherhines_pardalis","minor commercial"
"Cantherhines_pullus","subsistence fisheries"
"Cantherhines_sandwichiensis",NA
"Cantheschenia_grandisquamis",NA
"Canthidermis_maculata","commercial"
"Canthidermis_sufflamen","commercial"
"Canthigaster_amboinensis","of no interest"
"Canthigaster_axiologus",NA
"Canthigaster_bennetti",NA
"Canthigaster_callisterna",NA
"Canthigaster_capistrata",NA
"Canthigaster_coronata",NA
"Canthigaster_cyanetron",NA
"Canthigaster_epilampra",NA
"Canthigaster_figueiredoi",NA
"Canthigaster_jactator",NA
"Canthigaster_janthinoptera",NA
"Canthigaster_marquesensis",NA
"Canthigaster_papua",NA
"Canthigaster_punctatissima",NA
"Canthigaster_rapaensis",NA
"Canthigaster_rivulata","of no interest"
"Canthigaster_rostrata",NA
"Canthigaster_sanctaehelenae",NA
"Canthigaster_smithae",NA
"Canthigaster_valentini",NA
"Caprodon_longimanus",NA
"Caracanthus_maculatus",NA
"Caracanthus_typicus",NA
"Caracanthus_unipinna",NA
"Carangoides_bajad","commercial"
"Carangoides_bartholomaei","commercial"
"Carangoides_chrysophrys","commercial"
"Carangoides_ferdau","commercial"
"Carangoides_fulvoguttatus","commercial"
"Carangoides_gymnostethus","commercial"
"Carangoides_orthogrammus","commercial"
"Carangoides_plagiotaenia","minor commercial"
"Caranx_caballus","commercial"
"Caranx_caninus","commercial"
"Caranx_crysos","minor commercial"
"Caranx_ignobilis","commercial"
"Caranx_lugubris","minor commercial"
"Caranx_melampygus","commercial"
"Caranx_papuensis","minor commercial"
"Caranx_sexfasciatus","commercial"
"Caulolatilus_princeps","commercial"
"Centroberyx_affinis","commercial"
"Centroberyx_gerrardi","commercial"
"Centroberyx_lineatus","minor commercial"
"Centrogenys_vaigiensis","minor commercial"
"Centrolabrus_exoletus","of no interest"
"Centrolabrus_melanocercus",NA
"Centropogon_australis",NA
"Centropyge_acanthops","of no interest"
"Centropyge_argi",NA
"Centropyge_bicolor","subsistence fisheries"
"Centropyge_bispinosa","subsistence fisheries"
"Centropyge_eibli",NA
"Centropyge_ferrugata",NA
"Centropyge_fisheri",NA
"Centropyge_flavissima","subsistence fisheries"
"Centropyge_heraldi",NA
"Centropyge_hotumatua",NA
"Centropyge_joculator",NA
"Centropyge_loriculus",NA
"Centropyge_multispinis",NA
"Centropyge_nox",NA
"Centropyge_tibicen",NA
"Cephalopholis_argus","commercial"
"Cephalopholis_boenak","subsistence fisheries"
"Cephalopholis_cruentata","minor commercial"
"Cephalopholis_cyanostigma","minor commercial"
"Cephalopholis_formosa","subsistence fisheries"
"Cephalopholis_fulva","commercial"
"Cephalopholis_hemistiktos","subsistence fisheries"
"Cephalopholis_leopardus","minor commercial"
"Cephalopholis_microprion","minor commercial"
"Cephalopholis_miniata","commercial"
"Cephalopholis_panamensis",NA
"Cephalopholis_sexmaculata","subsistence fisheries"
"Cephalopholis_sonnerati","commercial"
"Cephalopholis_spiloparaea","minor commercial"
"Cephalopholis_urodeta","subsistence fisheries"
"Cetoscarus_bicolor","commercial"
"Chaenopsis_schmitti",NA
"Chaetodermis_penicilligerus",NA
"Chaetodipterus_faber","minor commercial"
"Chaetodipterus_zonatus",NA
"Chaetodon_adiergastos",NA
"Chaetodon_andamanensis",NA
"Chaetodon_argentatus","minor commercial"
"Chaetodon_assarius",NA
"Chaetodon_aureofasciatus",NA
"Chaetodon_auriga","minor commercial"
"Chaetodon_auripes",NA
"Chaetodon_austriacus",NA
"Chaetodon_baronessa",NA
"Chaetodon_bennetti","minor commercial"
"Chaetodon_capistratus",NA
"Chaetodon_citrinellus","minor commercial"
"Chaetodon_collare",NA
"Chaetodon_decussatus",NA
"Chaetodon_dolosus","of no interest"
"Chaetodon_ephippium","minor commercial"
"Chaetodon_falcula",NA
"Chaetodon_fasciatus",NA
"Chaetodon_flavirostris",NA
"Chaetodon_guentheri",NA
"Chaetodon_guttatissimus",NA
"Chaetodon_humeralis",NA
"Chaetodon_interruptus",NA
"Chaetodon_kleinii","subsistence fisheries"
"Chaetodon_lineolatus","minor commercial"
"Chaetodon_litus",NA
"Chaetodon_lunula","minor commercial"
"Chaetodon_lunulatus",NA
"Chaetodon_madagaskariensis",NA
"Chaetodon_marleyi",NA
"Chaetodon_melannotus",NA
"Chaetodon_mertensii","minor commercial"
"Chaetodon_meyeri","minor commercial"
"Chaetodon_miliaris",NA
"Chaetodon_multicinctus",NA
"Chaetodon_ocellatus",NA
"Chaetodon_ocellicaudus",NA
"Chaetodon_octofasciatus",NA
"Chaetodon_ornatissimus","minor commercial"
"Chaetodon_oxycephalus",NA
"Chaetodon_paucifasciatus",NA
"Chaetodon_pelewensis",NA
"Chaetodon_plebeius","minor commercial"
"Chaetodon_punctatofasciatus","minor commercial"
"Chaetodon_quadrimaculatus",NA
"Chaetodon_rafflesii","minor commercial"
"Chaetodon_rainfordi",NA
"Chaetodon_reticulatus","minor commercial"
"Chaetodon_sedentarius",NA
"Chaetodon_semeion","minor commercial"
"Chaetodon_semilarvatus",NA
"Chaetodon_speculum","minor commercial"
"Chaetodon_striatus",NA
"Chaetodon_triangulum",NA
"Chaetodon_trichrous",NA
"Chaetodon_tricinctus",NA
"Chaetodon_trifascialis",NA
"Chaetodon_trifasciatus","minor commercial"
"Chaetodon_ulietensis","minor commercial"
"Chaetodon_unimaculatus","minor commercial"
"Chaetodon_vagabundus","minor commercial"
"Chaetodon_xanthocephalus",NA
"Chaetodon_xanthurus",NA
"Chaetodon_zanzibarensis",NA
"Chaetodontoplus_conspicillatus",NA
"Chaetodontoplus_duboulayi",NA
"Chaetodontoplus_meredithi",NA
"Chaetodontoplus_mesoleucus","minor commercial"
"Chaetodontoplus_personifer",NA
"Chaetodontoplus_septentrionalis",NA
"Chaetodontoplus_vanderloosi",NA
"Champsocephalus_esox","commercial"
"Chanos_chanos","highly commercial"
"Cheilinus_abudjubbe",NA
"Cheilinus_chlorourus","minor commercial"
"Cheilinus_fasciatus","minor commercial"
"Cheilinus_lunulatus","minor commercial"
"Cheilinus_oxycephalus","minor commercial"
"Cheilinus_trilobatus","minor commercial"
"Cheilinus_undulatus","minor commercial"
"Cheilio_inermis","minor commercial"
"Cheilodactylus_ephippium","commercial"
"Cheilodactylus_fasciatus","subsistence fisheries"
"Cheilodactylus_francisi",NA
"Cheilodactylus_fuscus",NA
"Cheilodactylus_gibbosus",NA
"Cheilodactylus_nigripes","commercial"
"Cheilodactylus_pixi",NA
"Cheilodactylus_plessisi",NA
"Cheilodactylus_rubrolabiatus",NA
"Cheilodactylus_spectabilis","commercial"
"Cheilodactylus_vestitus",NA
"Cheilodactylus_zebra","commercial"
"Cheilodactylus_zonatus","commercial"
"Cheilodipterus_arabicus",NA
"Cheilodipterus_artus",NA
"Cheilodipterus_intermedius",NA
"Cheilodipterus_isostigmus",NA
"Cheilodipterus_lachneri",NA
"Cheilodipterus_macrodon",NA
"Cheilodipterus_nigrotaeniatus",NA
"Cheilodipterus_parazonatus",NA
"Cheilodipterus_quinquelineatus","minor commercial"
"Cheiloprion_labiatus","of no interest"
"Chelidonichthys_capensis","commercial"
"Chelmon_marginalis",NA
"Chelmon_rostratus","minor commercial"
"Chelmonops_curiosus",NA
"Chelmonops_truncatus",NA
"Chelon_auratus","commercial"
"Chelon_labrosus","commercial"
"Chelon_ramada","commercial"
"Chelon_richardsonii","commercial"
"Chelonodon_pleurospilus",NA
"Chilomycterus_antennatus","of no interest"
"Chilomycterus_reticulatus","of no interest"
"Chirodactylus_brachydactylus","minor commercial"
"Chirolophis_ascanii","of no interest"
"Chironemus_maculosus",NA
"Chironemus_marmoratus",NA
"Chironemus_microlepis",NA
"Chlorurus_atrilunula","commercial"
"Chlorurus_bleekeri","minor commercial"
"Chlorurus_bowersi",NA
"Chlorurus_capistratoides",NA
"Chlorurus_frontalis",NA
"Chlorurus_gibbus","commercial"
"Chlorurus_japanensis","commercial"
"Chlorurus_microrhinos",NA
"Chlorurus_rhakoura",NA
"Chlorurus_sordidus","commercial"
"Chlorurus_spilurus",NA
"Chlorurus_strongylocephalus","commercial"
"Choerodon_anchorago","commercial"
"Choerodon_azurio",NA
"Choerodon_cauteroma",NA
"Choerodon_cephalotes","commercial"
"Choerodon_cyanodus",NA
"Choerodon_fasciatus","commercial"
"Choerodon_graphicus","minor commercial"
"Choerodon_jordani",NA
"Choerodon_monostigma",NA
"Choerodon_rubescens",NA
"Choerodon_schoenleinii","commercial"
"Choerodon_vitta",NA
"Chriolepis_dialepta",NA
"Chromis_abrupta",NA
"Chromis_acares",NA
"Chromis_agilis","of no interest"
"Chromis_alpha",NA
"Chromis_alta",NA
"Chromis_amboinensis",NA
"Chromis_analis",NA
"Chromis_atrilobata",NA
"Chromis_atripectoralis","subsistence fisheries"
"Chromis_atripes",NA
"Chromis_bami",NA
"Chromis_caudalis",NA
"Chromis_chromis","minor commercial"
"Chromis_chrysura",NA
"Chromis_cinerascens",NA
"Chromis_crusma",NA
"Chromis_cyanea",NA
"Chromis_dimidiata",NA
"Chromis_dispilus",NA
"Chromis_elerae",NA
"Chromis_flavaxilla",NA
"Chromis_flavipectoralis",NA
"Chromis_flavomaculata",NA
"Chromis_fumea",NA
"Chromis_hanui",NA
"Chromis_hypsilepis",NA
"Chromis_insolata",NA
"Chromis_iomelas",NA
"Chromis_klunzingeri",NA
"Chromis_lepidolepis","of no interest"
"Chromis_limbata","minor commercial"
"Chromis_limbaughi",NA
"Chromis_lineata",NA
"Chromis_margaritifer",NA
"Chromis_multilineata","subsistence fisheries"
"Chromis_nigrura","of no interest"
"Chromis_nitida",NA
"Chromis_notata",NA
"Chromis_opercularis","of no interest"
"Chromis_ovalis",NA
"Chromis_pamae",NA
"Chromis_pelloura",NA
"Chromis_pembae",NA
"Chromis_punctipinnis","minor commercial"
"Chromis_randalli",NA
"Chromis_retrofasciata",NA
"Chromis_scotochiloptera",NA
"Chromis_scotti",NA
"Chromis_ternatensis","of no interest"
"Chromis_vanderbilti",NA
"Chromis_viridis",NA
"Chromis_weberi","of no interest"
"Chromis_westaustralis",NA
"Chromis_xanthochira",NA
"Chromis_xanthura",NA
"Chromis_xutha",NA
"Chrysiptera_biocellata","minor commercial"
"Chrysiptera_bleekeri",NA
"Chrysiptera_brownriggii","minor commercial"
"Chrysiptera_caesifrons",NA
"Chrysiptera_cyanea",NA
"Chrysiptera_flavipinnis",NA
"Chrysiptera_galba",NA
"Chrysiptera_glauca","minor commercial"
"Chrysiptera_hemicyanea",NA
"Chrysiptera_notialis",NA
"Chrysiptera_oxycephala",NA
"Chrysiptera_parasema",NA
"Chrysiptera_rapanui",NA
"Chrysiptera_rex",NA
"Chrysiptera_rollandi","of no interest"
"Chrysiptera_springeri",NA
"Chrysiptera_starcki",NA
"Chrysiptera_talboti",NA
"Chrysiptera_taupou",NA
"Chrysiptera_traceyi",NA
"Chrysiptera_tricincta",NA
"Chrysiptera_unimaculata","minor commercial"
"Chrysoblephus_cristiceps","commercial"
"Chrysoblephus_gibbiceps","commercial"
"Chrysoblephus_laticeps","commercial"
"Cirrhilabrus_cyanopleura",NA
"Cirrhilabrus_exquisitus",NA
"Cirrhilabrus_flavidorsalis",NA
"Cirrhilabrus_katherinae",NA
"Cirrhilabrus_laboutei",NA
"Cirrhilabrus_lineatus",NA
"Cirrhilabrus_punctatus",NA
"Cirrhilabrus_randalli",NA
"Cirrhilabrus_scottorum",NA
"Cirrhilabrus_solorensis",NA
"Cirrhilabrus_temminckii",NA
"Cirrhilabrus_walindi",NA
"Cirrhitichthys_aprinus","subsistence fisheries"
"Cirrhitichthys_falco","of no interest"
"Cirrhitichthys_oxycephalus",NA
"Cirrhitops_fasciatus",NA
"Cirrhitops_hubbardi",NA
"Cirrhitus_pinnulatus","commercial"
"Cirrhitus_rivulatus","commercial"
"Cirripectes_alboapicalis","of no interest"
"Cirripectes_alleni",NA
"Cirripectes_auritus","of no interest"
"Cirripectes_castaneus",NA
"Cirripectes_chelomatus","of no interest"
"Cirripectes_filamentosus","of no interest"
"Cirripectes_fuscoguttatus","of no interest"
"Cirripectes_hutchinsi","of no interest"
"Cirripectes_polyzona","of no interest"
"Cirripectes_springeri","of no interest"
"Cirripectes_stigmaticus","of no interest"
"Cirripectes_vanderbilti","of no interest"
"Cirripectes_variolosus","of no interest"
"Cleidopus_gloriamaris","of no interest"
"Clepticus_parrae","minor commercial"
"Clinus_latipennis",NA
"Clinus_superciliosus",NA
"Clinus_venustris",NA
"Cnidoglanis_macrocephalus","minor commercial"
"Cochleoceps_bicolor",NA
"Cochleoceps_orientalis",NA
"Conger_verreauxi","commercial"
"Congiopodus_peruvianus",NA
"Conniella_apterygia",NA
"Coradion_altivelis","of no interest"
"Coradion_chrysozonus","minor commercial"
"Coris_auricularis",NA
"Coris_aurilineata",NA
"Coris_aygula","minor commercial"
"Coris_batuensis","minor commercial"
"Coris_bulbifrons",NA
"Coris_caudimacula",NA
"Coris_centralis",NA
"Coris_cuvieri","minor commercial"
"Coris_debueni",NA
"Coris_dorsomacula",NA
"Coris_formosa","minor commercial"
"Coris_gaimard","commercial"
"Coris_hewetti",NA
"Coris_julis","minor commercial"
"Coris_picta",NA
"Coris_pictoides",NA
"Coris_roseoviridis",NA
"Coris_sandeyeri",NA
"Coris_venusta",NA
"Coryphopterus_alloides",NA
"Coryphopterus_dicrus",NA
"Coryphopterus_eidolon",NA
"Coryphopterus_glaucofraenum",NA
"Coryphopterus_hyalinus",NA
"Coryphopterus_lipernes",NA
"Coryphopterus_personatus",NA
"Coryphopterus_thrix",NA
"Coryphopterus_tortugae",NA
"Coryphopterus_urospilus",NA
"Cratinus_agassizii","commercial"
"Cremnochorites_capensis",NA
"Crenimugil_crenilabis","minor commercial"
"Cristiceps_aurantiacus",NA
"Crocodilichthys_gracilis",NA
"Cromileptes_altivelis","commercial"
"Crossosalarias_macrospilus",NA
"Cryptichthys_jojettae","of no interest"
"Cryptocentrus_caeruleomaculatus",NA
"Cryptocentrus_caeruleopunctatus",NA
"Cryptocentrus_cryptocentrus",NA
"Cryptocentrus_fasciatus",NA
"Cryptocentrus_strigilliceps",NA
"Ctenochaetus_binotatus",NA
"Ctenochaetus_cyanocheilus",NA
"Ctenochaetus_flavicauda",NA
"Ctenochaetus_hawaiiensis",NA
"Ctenochaetus_marginatus",NA
"Ctenochaetus_striatus","commercial"
"Ctenochaetus_tominiensis",NA
"Ctenochaetus_truncatus",NA
"Ctenogobiops_aurocingulus",NA
"Ctenogobiops_crocineus",NA
"Ctenogobiops_feroculus",NA
"Ctenogobiops_maculosus",NA
"Ctenogobiops_mitodes",NA
"Ctenogobiops_pomastictus",NA
"Ctenogobiops_tangaroai",NA
"Ctenolabrus_rupestris","subsistence fisheries"
"Cybiosarda_elegans","minor commercial"
"Cyclichthys_orbicularis","subsistence fisheries"
"Cymatoceps_nasutus","commercial"
"Cymatogaster_aggregata","minor commercial"
"Cymbacephalus_beauforti","subsistence fisheries"
"Cypho_purpurascens",NA
"Cypho_zaps",NA
"Cyprinocirrhites_polyactis",NA
"Dactylophora_nigricans","minor commercial"
"Dactylopus_dactylopus","of no interest"
"Daector_reticulata",NA
"Daector_schmitti",NA
"Dascyllus_albisella",NA
"Dascyllus_aruanus","of no interest"
"Dascyllus_carneus","of no interest"
"Dascyllus_flavicaudus",NA
"Dascyllus_marginatus",NA
"Dascyllus_melanurus",NA
"Dascyllus_reticulatus","minor commercial"
"Dascyllus_strasburgi",NA
"Dascyllus_trimaculatus","minor commercial"
"Decapterus_koheru","minor commercial"
"Decapterus_macarellus","commercial"
"Decapterus_muroadsi","commercial"
"Decapterus_punctatus","minor commercial"
"Dellichthys_morelandi",NA
"Dendrochirus_barberi",NA
"Dendrochirus_zebra","minor commercial"
"Dentex_dentex","commercial"
"Dermatolepis_dermatolepis","minor commercial"
"Diademichthys_lineatus",NA
"Diagramma_labiosum",NA
"Diagramma_melanacrum",NA
"Dialommus_fuscus","of no interest"
"Dicentrarchus_labrax","commercial"
"Dicentrarchus_punctatus","minor commercial"
"Dichistius_capensis","commercial"
"Dicotylichthys_punctulatus","of no interest"
"Didogobius_amicuscaridis",NA
"Dinolestes_lewini",NA
"Diodon_holocanthus","minor commercial"
"Diodon_hystrix","minor commercial"
"Diodon_liturosus","minor commercial"
"Diodon_nicthemerus","of no interest"
"Diplodus_annularis","commercial"
"Diplodus_argenteus","minor commercial"
"Diplodus_capensis","minor commercial"
"Diplodus_cervinus","minor commercial"
"Diplodus_puntazzo","commercial"
"Diplodus_sargus","minor commercial"
"Diplodus_vulgaris","commercial"
"Diplogrammus_goramensis",NA
"Diplogrammus_xenicus",NA
"Diploprion_bifasciatum",NA
"Diproctacanthus_xanthurus",NA
"Dipterygonotus_balteatus","minor commercial"
"Dischistodus_chrysopoecilus",NA
"Dischistodus_darwiniensis",NA
"Dischistodus_melanotus",NA
"Dischistodus_perspicillatus","minor commercial"
"Dischistodus_prosopotaenia",NA
"Dischistodus_pseudochrysopoecilus",NA
"Doratonotus_megalepis",NA
"Dotalabrus_alleni",NA
"Dotalabrus_aurantiacus",NA
"Dules_auriga","of no interest"
"Echeneis_naucrates","minor commercial"
"Echeneis_neucratoides","commercial"
"Echidna_nebulosa","minor commercial"
"Echidna_nocturna",NA
"Ecsenius_aequalis",NA
"Ecsenius_alleni",NA
"Ecsenius_bandanus",NA
"Ecsenius_bathi",NA
"Ecsenius_bicolor",NA
"Ecsenius_fijiensis",NA
"Ecsenius_fourmanoiri",NA
"Ecsenius_frontalis",NA
"Ecsenius_gravieri",NA
"Ecsenius_kurti",NA
"Ecsenius_lineatus",NA
"Ecsenius_lividanalis",NA
"Ecsenius_midas",NA
"Ecsenius_minutus",NA
"Ecsenius_nalolo",NA
"Ecsenius_namiyei",NA
"Ecsenius_oculatus",NA
"Ecsenius_prooculis",NA
"Ecsenius_randalli",NA
"Ecsenius_schroederi",NA
"Ecsenius_stictus",NA
"Ecsenius_stigmatura",NA
"Ecsenius_tigris",NA
"Ecsenius_tricolor",NA
"Ecsenius_trilineatus","of no interest"
"Ecsenius_yaeyamaensis",NA
"Ekemblemaria_myersi",NA
"Elacatinus_atronasus",NA
"Elacatinus_cayman",NA
"Elacatinus_centralis",NA
"Elacatinus_evelynae",NA
"Elacatinus_figaro",NA
"Elacatinus_genie",NA
"Elacatinus_horsti",NA
"Elacatinus_jarocho",NA
"Elacatinus_oceanops",NA
"Elacatinus_prochilos",NA
"Elacatinus_puncticulatus",NA
"Elacatinus_randalli",NA
"Elacatinus_xanthiprora",NA
"Elagatis_bipinnulata","highly commercial"
"Eleotrica_cableae",NA
"Elops_affinis","minor commercial"
"Embiotoca_jacksoni",NA
"Embiotoca_lateralis","commercial"
"Emblemariopsis_pricei",NA
"Emblemariopsis_signifer",NA
"Enchelycore_lichenosa",NA
"Enchelycore_ramosa",NA
"Engraulis_australis","minor commercial"
"Enneanectes_carminalis",NA
"Enneanectes_smithi",NA
"Enneapterygius_atrogulare","of no interest"
"Enneapterygius_hemimelas","of no interest"
"Enneapterygius_kermadecensis","of no interest"
"Enneapterygius_larsonae","of no interest"
"Enneapterygius_mirabilis","of no interest"
"Enneapterygius_rufopileus","of no interest"
"Enneapterygius_similis",NA
"Enophrys_diceraus",NA
"Enoplosus_armatus","minor commercial"
"Entomacrodus_chapmani",NA
"Entomacrodus_solus",NA
"Eocallionymus_papilio",NA
"Epibulus_brevis",NA
"Epibulus_insidiator","minor commercial"
"Epinephelides_armatus",NA
"Epinephelus_adscensionis","highly commercial"
"Epinephelus_akaara","minor commercial"
"Epinephelus_albomarginatus","subsistence fisheries"
"Epinephelus_analogus","minor commercial"
"Epinephelus_areolatus","commercial"
"Epinephelus_bilobatus",NA
"Epinephelus_bleekeri","minor commercial"
"Epinephelus_bruneus","commercial"
"Epinephelus_coeruleopunctatus","minor commercial"
"Epinephelus_coioides","commercial"
"Epinephelus_corallicola","subsistence fisheries"
"Epinephelus_costae","minor commercial"
"Epinephelus_cyanopodus","minor commercial"
"Epinephelus_daemelii","subsistence fisheries"
"Epinephelus_fasciatus","commercial"
"Epinephelus_fuscoguttatus","minor commercial"
"Epinephelus_guttatus","highly commercial"
"Epinephelus_hexagonatus","minor commercial"
"Epinephelus_irroratus","commercial"
"Epinephelus_itajara","minor commercial"
"Epinephelus_labriformis","minor commercial"
"Epinephelus_lanceolatus","subsistence fisheries"
"Epinephelus_longispinis","commercial"
"Epinephelus_macrospilos","commercial"
"Epinephelus_maculatus","minor commercial"
"Epinephelus_malabaricus","highly commercial"
"Epinephelus_marginatus","highly commercial"
"Epinephelus_melanostigma","subsistence fisheries"
"Epinephelus_merra","commercial"
"Epinephelus_morio","commercial"
"Epinephelus_multinotatus","commercial"
"Epinephelus_ongus","minor commercial"
"Epinephelus_polyphekadion","commercial"
"Epinephelus_quoyanus","commercial"
"Epinephelus_rivulatus","minor commercial"
"Epinephelus_socialis","minor commercial"
"Epinephelus_spilotoceps","commercial"
"Epinephelus_striatus","commercial"
"Epinephelus_tauvina","minor commercial"
"Epinephelus_tukula","subsistence fisheries"
"Epinephelus_undulatostriatus","commercial"
"Equetus_punctatus","minor commercial"
"Eubalichthys_bucephalus",NA
"Eubalichthys_caeruleoguttatus",NA
"Eubalichthys_cyanoura",NA
"Eubalichthys_gunnii",NA
"Eubalichthys_mosaicus",NA
"Eucinostomus_dowii",NA
"Eupetrichthys_angustipes",NA
"Euthynnus_affinis","highly commercial"
"Euthynnus_lineatus","minor commercial"
"Eutrigla_gurnardus","commercial"
"Eviota_albolineata",NA
"Eviota_atriventris",NA
"Eviota_bifasciata",NA
"Eviota_bimaculata",NA
"Eviota_fasciola",NA
"Eviota_guttata",NA
"Eviota_hoesei",NA
"Eviota_lachdeberei",NA
"Eviota_latifasciata",NA
"Eviota_melasma",NA
"Eviota_mikiae",NA
"Eviota_nigriventris",NA
"Eviota_pellucida",NA
"Eviota_prasites",NA
"Eviota_raja",NA
"Eviota_readerae",NA
"Eviota_rubriceps",NA
"Eviota_sebreei",NA
"Eviota_sigillata",NA
"Eviota_storthynx",NA
"Eviota_zebrina",NA
"Evistias_acutirostris","commercial"
"Evynnis_cardinalis","commercial"
"Exallias_brevis",NA
"Exyrias_belissimus",NA
"Favonigobius_lateralis",NA
"Foetorepus_calauropomus",NA
"Forcipiger_flavissimus","of no interest"
"Forcipiger_longirostris","minor commercial"
"Forsterygion_capito","of no interest"
"Forsterygion_flavonigrum","of no interest"
"Forsterygion_gymnotum","of no interest"
"Forsterygion_lapillum","of no interest"
"Forsterygion_malcolmi",NA
"Forsterygion_maryannae","of no interest"
"Forsterygion_varium",NA
"Furcina_osimae",NA
"Fusigobius_duospilus",NA
"Fusigobius_inframaculatus",NA
"Fusigobius_melacron",NA
"Fusigobius_neophytus",NA
"Fusigobius_signipinnis",NA
"Gadus_morhua","highly commercial"
"Gasterosteus_aculeatus","minor commercial"
"Genicanthus_caudovittatus",NA
"Genicanthus_lamarck","minor commercial"
"Genicanthus_semicinctus",NA
"Genicanthus_watanabei",NA
"Genypterus_tigerinus","minor commercial"
"Gerres_cinereus","minor commercial"
"Gerres_equulus",NA
"Gerres_subfasciatus",NA
"Gillellus_chathamensis",NA
"Girella_cyanea",NA
"Girella_elevata",NA
"Girella_fimbriata",NA
"Girella_freminvillii",NA
"Girella_nigricans","commercial"
"Girella_punctata","commercial"
"Girella_simplicidens",NA
"Girella_tephraeops",NA
"Girella_tricuspidata","commercial"
"Girella_zebra","commercial"
"Glaucosoma_hebraicum","commercial"
"Glaucosoma_magnificum","minor commercial"
"Glaucosoma_scapulare","commercial"
"Glyptoparus_delicatulus",NA
"Gnathanacanthus_goetzeei",NA
"Gnathanodon_speciosus","minor commercial"
"Gnathodentex_aureolineatus","commercial"
"Gnatholepis_anjerensis","minor commercial"
"Gnatholepis_cauerensis",NA
"Gnatholepis_thompsoni",NA
"Gobiesox_woodsi",NA
"Gobioclinus_dendriticus",NA
"Gobiodon_citrinus",NA
"Gobiodon_heterospilos",NA
"Gobiodon_histrio",NA
"Gobiodon_okinawae",NA
"Gobiodon_quinquestrigatus",NA
"Gobiodon_spilophthalmus",NA
"Gobiosoma_hildebrandi",NA
"Gobiosoma_spilotum",NA
"Gobius_bucchichi",NA
"Gobius_cruentatus",NA
"Gobius_fallax",NA
"Gobius_niger","of no interest"
"Gobius_paganellus","minor commercial"
"Gobius_tetrophthalmus",NA
"Gobius_xanthocephalus",NA
"Gobiusculus_flavescens","of no interest"
"Gomphosus_caeruleus","minor commercial"
"Gomphosus_varius","minor commercial"
"Gorgasia_galzini","of no interest"
"Gracila_albomarginata","minor commercial"
"Gramma_brasiliensis",NA
"Gramma_loreto",NA
"Grammatorcynus_bicarinatus","commercial"
"Grammatorcynus_bilineatus","minor commercial"
"Grammistes_sexlineatus","minor commercial"
"Gunnellichthys_monostigma",NA
"Gymnocaesio_gymnoptera","minor commercial"
"Gymnocanthus_tricuspis",NA
"Gymnoclinus_cristulatus",NA
"Gymnocranius_audleyi","minor commercial"
"Gymnocranius_euanus","minor commercial"
"Gymnocranius_microdon","minor commercial"
"Gymnocrotaphus_curvidens","commercial"
"Gymnomuraena_zebra","minor commercial"
"Gymnosarda_unicolor","minor commercial"
"Gymnothorax_annasona",NA
"Gymnothorax_breedeni",NA
"Gymnothorax_castaneus",NA
"Gymnothorax_cribroris",NA
"Gymnothorax_dovii",NA
"Gymnothorax_eurostus",NA
"Gymnothorax_favagineus","minor commercial"
"Gymnothorax_fimbriatus","subsistence fisheries"
"Gymnothorax_flavimarginatus","commercial"
"Gymnothorax_funebris","minor commercial"
"Gymnothorax_javanicus","subsistence fisheries"
"Gymnothorax_meleagris","minor commercial"
"Gymnothorax_miliaris","minor commercial"
"Gymnothorax_moringa","minor commercial"
"Gymnothorax_nubilus",NA
"Gymnothorax_obesus",NA
"Gymnothorax_panamensis",NA
"Gymnothorax_pictus","minor commercial"
"Gymnothorax_porphyreus",NA
"Gymnothorax_prasinus","of no interest"
"Gymnothorax_prionodon",NA
"Gymnothorax_thyrsoideus",NA
"Gymnothorax_undulatus","minor commercial"
"Gymnothorax_zonipectis",NA
"Haemulon_album","commercial"
"Haemulon_aurolineatum","minor commercial"
"Haemulon_carbonarium","minor commercial"
"Haemulon_chrysargyreum","minor commercial"
"Haemulon_flaviguttatum","minor commercial"
"Haemulon_flavolineatum","commercial"
"Haemulon_macrostomum","minor commercial"
"Haemulon_maculicauda","minor commercial"
"Haemulon_melanurum","minor commercial"
"Haemulon_parra","minor commercial"
"Haemulon_plumierii","minor commercial"
"Haemulon_sciurus","minor commercial"
"Haemulon_scudderii","commercial"
"Haemulon_sexfasciatum","minor commercial"
"Haemulon_steindachneri","minor commercial"
"Haemulon_vittatum","minor commercial"
"Haletta_semifasciata","minor commercial"
"Halichoeres_adustus","of no interest"
"Halichoeres_argus","minor commercial"
"Halichoeres_biocellatus",NA
"Halichoeres_bivittatus",NA
"Halichoeres_brasiliensis",NA
"Halichoeres_brownfieldi",NA
"Halichoeres_burekae",NA
"Halichoeres_chierchiae","of no interest"
"Halichoeres_chloropterus","minor commercial"
"Halichoeres_chrysus",NA
"Halichoeres_cosmetus",NA
"Halichoeres_dimidiatus",NA
"Halichoeres_discolor",NA
"Halichoeres_dispilus","minor commercial"
"Halichoeres_erdmanni",NA
"Halichoeres_garnoti",NA
"Halichoeres_hartzfeldii",NA
"Halichoeres_hortulanus","minor commercial"
"Halichoeres_insularis","of no interest"
"Halichoeres_iridis",NA
"Halichoeres_leucoxanthus",NA
"Halichoeres_leucurus",NA
"Halichoeres_maculipinna",NA
"Halichoeres_malpelo",NA
"Halichoeres_margaritaceus",NA
"Halichoeres_marginatus","minor commercial"
"Halichoeres_melanochir",NA
"Halichoeres_melanurus",NA
"Halichoeres_melasmapomus",NA
"Halichoeres_miniatus",NA
"Halichoeres_nebulosus",NA
"Halichoeres_nicholsi",NA
"Halichoeres_nigrescens",NA
"Halichoeres_notospilus",NA
"Halichoeres_orientalis",NA
"Halichoeres_ornatissimus",NA
"Halichoeres_pictus",NA
"Halichoeres_poeyi",NA
"Halichoeres_prosopeion",NA
"Halichoeres_radiatus","minor commercial"
"Halichoeres_richmondi",NA
"Halichoeres_salmofasciatus",NA
"Halichoeres_scapularis","minor commercial"
"Halichoeres_semicinctus",NA
"Halichoeres_socialis",NA
"Halichoeres_solorensis",NA
"Halichoeres_tenuispinis",NA
"Halichoeres_timorensis",NA
"Halichoeres_trimaculatus",NA
"Halichoeres_trispilus",NA
"Helcogramma_chica","of no interest"
"Helcogramma_decurrens",NA
"Helcogramma_maldivensis",NA
"Helcogramma_striata","of no interest"
"Helcogrammoides_cunninghami",NA
"Helicolenus_percoides","commercial"
"Helotes_sexlineatus",NA
"Hemiglyphidodon_plagiometopon","minor commercial"
"Hemigymnus_fasciatus","minor commercial"
"Hemigymnus_melapterus","minor commercial"
"Hemilepidotus_jordani","commercial"
"Hemiramphus_depauperatus",NA
"Hemitaurichthys_multispinosus",NA
"Hemitaurichthys_polylepis",NA
"Hemitaurichthys_thompsoni",NA
"Hemitaurichthys_zoster","of no interest"
"Heniochus_acuminatus","minor commercial"
"Heniochus_chrysostomus","minor commercial"
"Heniochus_diphreutes","of no interest"
"Heniochus_intermedius",NA
"Heniochus_monoceros",NA
"Heniochus_pleurotaenia",NA
"Heniochus_singularius","minor commercial"
"Heniochus_varius","minor commercial"
"Heteroclinus_adelaidae",NA
"Heteroclinus_johnstoni",NA
"Heteroclinus_perspicillatus",NA
"Heteroclinus_roseus",NA
"Heteroclinus_tristis",NA
"Heteroconger_hassi",NA
"Heteropriacanthus_cruentatus","minor commercial"
"Heteroscarus_acroptilus","of no interest"
"Heterostichus_rostratus",NA
"Hexagrammos_agrammus",NA
"Hexagrammos_decagrammus","minor commercial"
"Hexagrammos_otakii","commercial"
"Hexagrammos_stelleri","minor commercial"
"Hipposcarus_harid","commercial"
"Hipposcarus_longiceps","commercial"
"Holacanthus_bermudensis","minor commercial"
"Holacanthus_ciliaris","minor commercial"
"Holacanthus_clarionensis",NA
"Holacanthus_passer",NA
"Holacanthus_tricolor","minor commercial"
"Holocentrus_adscensionis","minor commercial"
"Holocentrus_rufus","minor commercial"
"Hologymnosus_annulatus","minor commercial"
"Hologymnosus_doliatus","minor commercial"
"Hoplolatilus_cuniculus",NA
"Hoplolatilus_starcki",NA
"Hoplopagrus_guentherii","subsistence fisheries"
"Hyperlophus_vittatus","subsistence fisheries"
"Hypoatherina_barnesi","of no interest"
"Hypoplectrodes_annulatus",NA
"Hypoplectrodes_huntii",NA
"Hypoplectrodes_maccullochi",NA
"Hypoplectrodes_nigroruber","commercial"
"Hypoplectrus_aberrans",NA
"Hypoplectrus_castroaguirrei",NA
"Hypoplectrus_chlorurus",NA
"Hypoplectrus_gemma",NA
"Hypoplectrus_guttavarius",NA
"Hypoplectrus_indigo",NA
"Hypoplectrus_maya",NA
"Hypoplectrus_nigricans",NA
"Hypoplectrus_providencianus",NA
"Hypoplectrus_puella",NA
"Hypoplectrus_unicolor",NA
"Hyporhamphus_affinis",NA
"Hyporthodus_flavolimbatus","commercial"
"Hyporthodus_niveatus","commercial"
"Hyporthodus_octofasciatus","minor commercial"
"Hypsoblennius_proteus",NA
"Hypsurus_caryi",NA
"Hypsypops_rubicundus",NA
"Iniistius_celebicus",NA
"Iniistius_pavo","commercial"
"Inimicus_caledonicus",NA
"Inimicus_filamentosus","minor commercial"
"Isocirrhitus_sexfasciatus",NA
"Istigobius_campbelli",NA
"Istigobius_decoratus",NA
"Istigobius_goldmanni",NA
"Istigobius_hoesei",NA
"Istigobius_nigroocellatus",NA
"Istigobius_rigilius",NA
"Itycirrhitus_wilhelmi",NA
"Jenkinsia_lamprotaenia","minor commercial"
"Johnrandallia_nigrirostris",NA
"Jordania_zonope",NA
"Karalepis_stewarti","of no interest"
"Koumansetta_hectori",NA
"Koumansetta_rainfordi","of no interest"
"Kuhlia_mugil","minor commercial"
"Kyphosus_analogus",NA
"Kyphosus_azureus",NA
"Kyphosus_bigibbus","commercial"
"Kyphosus_cinerascens","minor commercial"
"Kyphosus_cornelii","commercial"
"Kyphosus_elegans","minor commercial"
"Kyphosus_incisor","minor commercial"
"Kyphosus_ocyurus","minor commercial"
"Kyphosus_sectatrix","minor commercial"
"Kyphosus_sydneyanus","subsistence fisheries"
"Kyphosus_vaigiensis","commercial"
"Labracinus_cyclophthalmus",NA
"Labracinus_lineatus",NA
"Labracoglossa_nitida",NA
"Labrichthys_unilineatus","minor commercial"
"Labrisomus_cricota","subsistence fisheries"
"Labrisomus_jenkinsi",NA
"Labrisomus_multiporosus",NA
"Labrisomus_nuchipinnis",NA
"Labrisomus_socorroensis",NA
"Labroides_bicolor",NA
"Labroides_dimidiatus","of no interest"
"Labroides_pectoralis",NA
"Labroides_phthirophagus","of no interest"
"Labroides_rubrolabiatus",NA
"Labropsis_alleni","of no interest"
"Labropsis_australis",NA
"Labropsis_manabei",NA
"Labropsis_micronesica",NA
"Labropsis_xanthonota",NA
"Labrus_bergylta","subsistence fisheries"
"Labrus_merula","subsistence fisheries"
"Labrus_mixtus","subsistence fisheries"
"Labrus_viridis",NA
"Lachnolaimus_maximus","minor commercial"
"Lactophrys_bicaudalis",NA
"Lactophrys_triqueter","minor commercial"
"Lactoria_diaphana","of no interest"
"Lactoria_fornasini","of no interest"
"Larabicus_quadrilineatus",NA
"Latridopsis_ciliaris","commercial"
"Latridopsis_forsteri","commercial"
"Latropiscis_purpurissatus",NA
"Leiocottus_hirundo",NA
"Lepidonectes_bimaculatus",NA
"Lepidonectes_clarkhubbsi",NA
"Lepidonectes_corallicola",NA
"Lepidozygus_tapeinosoma","of no interest"
"Leptatherina_presbyteroides",NA
"Leptocottus_armatus",NA
"Leptojulis_cyanopleura","minor commercial"
"Leptoscarus_vaigiensis","commercial"
"Lesueurigobius_friesii",NA
"Lethrinus_amboinensis","minor commercial"
"Lethrinus_atkinsoni","minor commercial"
"Lethrinus_borbonicus","minor commercial"
"Lethrinus_erythracanthus","commercial"
"Lethrinus_erythropterus","minor commercial"
"Lethrinus_genivittatus","minor commercial"
"Lethrinus_harak","commercial"
"Lethrinus_laticaudis","commercial"
"Lethrinus_lentjan","highly commercial"
"Lethrinus_microdon","commercial"
"Lethrinus_miniatus","minor commercial"
"Lethrinus_nebulosus","highly commercial"
"Lethrinus_obsoletus","minor commercial"
"Lethrinus_olivaceus","commercial"
"Lethrinus_ornatus","minor commercial"
"Lethrinus_rubrioperculatus","highly commercial"
"Lethrinus_variegatus","minor commercial"
"Lethrinus_xanthochilus","commercial"
"Leviprora_inops","of no interest"
"Limnichthys_fasciatus",NA
"Liparis_montagui","of no interest"
"Lipophrys_pholis","of no interest"
"Lithognathus_lithognathus","minor commercial"
"Lithognathus_mormyrus","minor commercial"
"Liza_luciae",NA
"Lotella_rhacina",NA
"Lotilia_graciliosa",NA
"Lucayablennius_zingaro",NA
"Lutjanus_alexandrei",NA
"Lutjanus_analis","highly commercial"
"Lutjanus_apodus","commercial"
"Lutjanus_aratus","subsistence fisheries"
"Lutjanus_argentimaculatus","commercial"
"Lutjanus_argentiventris","commercial"
"Lutjanus_biguttatus","commercial"
"Lutjanus_bohar","commercial"
"Lutjanus_boutton","minor commercial"
"Lutjanus_campechanus","commercial"
"Lutjanus_carponotatus","minor commercial"
"Lutjanus_cyanopterus","commercial"
"Lutjanus_decussatus","commercial"
"Lutjanus_ehrenbergii","minor commercial"
"Lutjanus_erythropterus","commercial"
"Lutjanus_fulviflamma","commercial"
"Lutjanus_fulvus","commercial"
"Lutjanus_gibbus","commercial"
"Lutjanus_griseus","commercial"
"Lutjanus_guttatus","commercial"
"Lutjanus_inermis","of potential interest"
"Lutjanus_jocu","commercial"
"Lutjanus_johnii","commercial"
"Lutjanus_jordani","commercial"
"Lutjanus_kasmira","commercial"
"Lutjanus_lemniscatus","commercial"
"Lutjanus_lutjanus","highly commercial"
"Lutjanus_mahogoni","commercial"
"Lutjanus_monostigma","commercial"
"Lutjanus_novemfasciatus","commercial"
"Lutjanus_quinquelineatus","commercial"
"Lutjanus_rivulatus","commercial"
"Lutjanus_rufolineatus",NA
"Lutjanus_russellii","commercial"
"Lutjanus_sebae","commercial"
"Lutjanus_semicinctus","minor commercial"
"Lutjanus_synagris","commercial"
"Lutjanus_viridis","subsistence fisheries"
"Lutjanus_vitta","commercial"
"Luzonichthys_waitei",NA
"Luzonichthys_whitleyi",NA
"Lythrypnus_dalli",NA
"Lythrypnus_gilberti",NA
"Lythrypnus_insularis",NA
"Macolor_macularis","commercial"
"Macolor_niger","commercial"
"Macrodontogobius_wilburi",NA
"Macropharyngodon_bipartitus","of no interest"
"Macropharyngodon_choati",NA
"Macropharyngodon_geoffroy",NA
"Macropharyngodon_kuiteri",NA
"Macropharyngodon_meleagris",NA
"Macropharyngodon_negrosensis",NA
"Macropharyngodon_ornatus",NA
"Malacanthus_brevirostris","commercial"
"Malacanthus_latovittatus","commercial"
"Malacanthus_plumieri","minor commercial"
"Malacoctenus_boehlkei",NA
"Malacoctenus_ebisui",NA
"Malacoctenus_hubbsi",NA
"Malacoctenus_macropus",NA
"Malacoctenus_margaritae",NA
"Malacoctenus_tetranemus",NA
"Malacoctenus_triangulatus",NA
"Malacoctenus_zonifer",NA
"Malacoctenus_zonogaster",NA
"Manonichthys_splendens",NA
"Maxillicosta_scabriceps",NA
"Mccoskerichthys_sandae",NA
"Mecaenichthys_immaculatus",NA
"Medialuna_californiensis",NA
"Megalops_atlanticus","commercial"
"Meiacanthus_abruptus",NA
"Meiacanthus_atrodorsalis",NA
"Meiacanthus_bundoon",NA
"Meiacanthus_crinitus",NA
"Meiacanthus_ditrema",NA
"Meiacanthus_grammistes",NA
"Meiacanthus_kamoharai",NA
"Meiacanthus_lineatus",NA
"Meiacanthus_luteus",NA
"Meiacanthus_mossambicus",NA
"Meiacanthus_naevius",NA
"Meiacanthus_nigrolineatus",NA
"Meiacanthus_oualanensis",NA
"Meiacanthus_phaeus",NA
"Meiacanthus_smithi",NA
"Meiacanthus_tongaensis",NA
"Melanogrammus_aeglefinus","highly commercial"
"Melichthys_indicus",NA
"Melichthys_niger","minor commercial"
"Melichthys_vidua","minor commercial"
"Mendosoma_lineatum",NA
"Meuschenia_australis",NA
"Meuschenia_flavolineata",NA
"Meuschenia_freycineti",NA
"Meuschenia_galii",NA
"Meuschenia_hippocrepis",NA
"Meuschenia_scaber","commercial"
"Meuschenia_trachylepis",NA
"Meuschenia_venusta",NA
"Microcanthus_strigatus",NA
"Microgobius_microlepis",NA
"Microlepidotus_brevipinnis",NA
"Microspathodon_bairdii",NA
"Microspathodon_chrysurus","subsistence fisheries"
"Microspathodon_dorsalis",NA
"Mimoblennius_lineathorax",NA
"Mola_mola","minor commercial"
"Molva_molva","highly commercial"
"Monacanthus_chinensis","minor commercial"
"Monacanthus_tuckeri",NA
"Monodactylus_argenteus","minor commercial"
"Monotaxis_grandoculis","commercial"
"Monotaxis_heterodon",NA
"Mugil_cephalus","highly commercial"
"Mugil_curema","commercial"
"Mugil_galapagensis",NA
"Mulloidichthys_dentatus",NA
"Mulloidichthys_flavolineatus","commercial"
"Mulloidichthys_martinicus","minor commercial"
"Mulloidichthys_mimicus",NA
"Mulloidichthys_vanicolensis","commercial"
"Mullus_argentinae","minor commercial"
"Mullus_surmuletus","commercial"
"Muraena_argus",NA
"Muraena_augusti","of no interest"
"Muraena_clepsydra",NA
"Muraena_helena","minor commercial"
"Muraena_lentiginosa",NA
"Mycteroperca_bonaci","highly commercial"
"Mycteroperca_fusca","commercial"
"Mycteroperca_interstitialis","commercial"
"Mycteroperca_jordani","minor commercial"
"Mycteroperca_microlepis","highly commercial"
"Mycteroperca_olfax","commercial"
"Mycteroperca_rosacea","minor commercial"
"Mycteroperca_tigris","commercial"
"Mycteroperca_xenarcha","minor commercial"
"Myoxocephalus_scorpius",NA
"Myrichthys_maculosus",NA
"Myrichthys_tigrinus","of no interest"
"Myripristis_adusta","minor commercial"
"Myripristis_amaena",NA
"Myripristis_berndti","commercial"
"Myripristis_clarionensis",NA
"Myripristis_earlei",NA
"Myripristis_gildi",NA
"Myripristis_hexagona","minor commercial"
"Myripristis_jacobus","minor commercial"
"Myripristis_kochiensis",NA
"Myripristis_kuntee","minor commercial"
"Myripristis_leiognathus","minor commercial"
"Myripristis_murdjan","minor commercial"
"Myripristis_pralinia","minor commercial"
"Myripristis_randalli",NA
"Myripristis_tiki",NA
"Myripristis_violacea","minor commercial"
"Myripristis_vittata",NA
"Nannosalarias_nativitatis",NA
"Naso_annulatus",NA
"Naso_brachycentron",NA
"Naso_brevirostris","commercial"
"Naso_caeruleacauda",NA
"Naso_caesius",NA
"Naso_elegans","commercial"
"Naso_fageni","commercial"
"Naso_hexacanthus","commercial"
"Naso_lituratus","minor commercial"
"Naso_thynnoides","commercial"
"Naso_tonganus","minor commercial"
"Naso_unicornis","commercial"
"Naso_vlamingii","minor commercial"
"Neatypus_obliquus",NA
"Nectamia_similis",NA
"Nelusetta_ayraud","commercial"
"Nemadactylus_bergi","commercial"
"Nemadactylus_douglasii","minor commercial"
"Nemadactylus_macropterus","commercial"
"Nemadactylus_valenciennesi",NA
"Nemateleotris_magnifica","of no interest"
"Neocirrhites_armatus",NA
"Neoditrema_ransonnetii",NA
"Neoglyphidodon_bonang",NA
"Neoglyphidodon_carlsoni",NA
"Neoglyphidodon_crossi",NA
"Neoglyphidodon_melas","of no interest"
"Neoglyphidodon_nigroris",NA
"Neoglyphidodon_oxyodon",NA
"Neoglyphidodon_polyacanthus",NA
"Neoglyphidodon_thoracotaeniatus",NA
"Neomyxus_leuciscus",NA
"Neoniphon_argenteus",NA
"Neoniphon_marianus","minor commercial"
"Neoniphon_opercularis","minor commercial"
"Neoniphon_sammara","minor commercial"
"Neoodax_balteatus","of no interest"
"Neopomacentrus_anabatoides",NA
"Neopomacentrus_aquadulcis",NA
"Neopomacentrus_azysron",NA
"Neopomacentrus_bankieri",NA
"Neopomacentrus_cyanomos","of no interest"
"Neopomacentrus_filamentosus",NA
"Neopomacentrus_metallicus",NA
"Neopomacentrus_miryae",NA
"Neopomacentrus_nemurus",NA
"Neopomacentrus_violascens",NA
"Neosebastes_pandus",NA
"Neosebastes_scorpaenoides",NA
"Nesogobius_hinsbyi",NA
"Nesogobius_pulchellus",NA
"Nexilosus_latifrons",NA
"Nicholsina_denticulata","minor commercial"
"Notocirrhitus_splendens",NA
"Notoclinops_segmentatus","of no interest"
"Notoclinops_yaldwyni","of no interest"
"Notoclinus_fenestratus","of no interest"
"Notolabrus_celidotus",NA
"Notolabrus_cinctus",NA
"Notolabrus_fucicola",NA
"Notolabrus_gymnogenis",NA
"Notolabrus_inscriptus",NA
"Notolabrus_parilus",NA
"Notolabrus_tetricus",NA
"Novaculichthys_taeniourus","minor commercial"
"Oblada_melanura","commercial"
"Ocyurus_chrysurus","commercial"
"Odax_cyanoallix","minor commercial"
"Odax_pullus","minor commercial"
"Odontoscion_dentex","minor commercial"
"Odontoscion_eurymesops",NA
"Odontoscion_xanthops",NA
"Odonus_niger","minor commercial"
"Ogcocephalus_darwini","of no interest"
"Ogilbia_cocoensis",NA
"Ogilbia_galapagosensis","of no interest"
"Ogilbichthys_ferocis",NA
"Ogilbyina_novaehollandiae",NA
"Ogilbyina_queenslandiae",NA
"Olisthops_cyanomelas","of no interest"
"Oman_ypsilon",NA
"Omegophora_armilla","of no interest"
"Omegophora_cyanopunctata",NA
"Omobranchus_aurosplendidus",NA
"Omobranchus_germaini",NA
"Omobranchus_mekranensis",NA
"Omobranchus_smithi",NA
"Ophioblennius_atlanticus","of no interest"
"Ophioblennius_clippertonensis",NA
"Ophioblennius_steindachneri","of no interest"
"Ophiodon_elongatus","commercial"
"Ophthalmolepis_lineolata",NA
"Opisthocentrus_ocellatus",NA
"Opisthocentrus_tenuis",NA
"Opisthocentrus_zonope",NA
"Opistognathus_aurifrons",NA
"Opistognathus_darwiniensis",NA
"Opistognathus_randalli",NA
"Oplegnathus_conwayi","commercial"
"Oplegnathus_insignis",NA
"Optivus_agastos",NA
"Orthonopias_triacis",NA
"Orthopristis_forbesi",NA
"Ostorhinchus_angustatus",NA
"Ostorhinchus_apogonoides",NA
"Ostorhinchus_aureus","minor commercial"
"Ostorhinchus_capricornis",NA
"Ostorhinchus_chrysotaenia",NA
"Ostorhinchus_doederleini",NA
"Ostorhinchus_fasciatus","of no interest"
"Ostorhinchus_flavus",NA
"Ostorhinchus_limenus",NA
"Ostorhinchus_luteus",NA
"Ostorhinchus_multilineatus",NA
"Ostorhinchus_nigrofasciatus",NA
"Ostorhinchus_norfolcensis",NA
"Ostorhinchus_notatus",NA
"Ostorhinchus_parvulus",NA
"Ostorhinchus_properuptus",NA
"Ostorhinchus_rubrimacula",NA
"Ostorhinchus_schlegeli",NA
"Ostorhinchus_sealei",NA
"Ostorhinchus_urostigmus",NA
"Ostorhinchus_victoriae",NA
"Ostorhinchus_wassinki",NA
"Ostracion_cubicus","minor commercial"
"Ostracion_cyanurus",NA
"Ostracion_immaculatus",NA
"Ostracion_meleagris","subsistence fisheries"
"Ostracion_solorensis","of no interest"
"Ostracion_whitleyi","of no interest"
"Othos_dentex","minor commercial"
"Oxycercichthys_veliferus",NA
"Oxycheilinus_bimaculatus","subsistence fisheries"
"Oxycheilinus_celebicus",NA
"Oxycheilinus_digramma","minor commercial"
"Oxycheilinus_mentalis",NA
"Oxycheilinus_orientalis","minor commercial"
"Oxycheilinus_unifasciatus","minor commercial"
"Oxycirrhites_typus","of no interest"
"Oxyjulis_californica",NA
"Oxylebius_pictus",NA
"Oxymonacanthus_longirostris","of no interest"
"Pachymetopon_aeneum","commercial"
"Pachymetopon_blochii","commercial"
"Pachymetopon_grande","minor commercial"
"Pagellus_acarne","commercial"
"Pagellus_erythrinus","commercial"
"Pagrus_auratus","commercial"
"Pagrus_auriga","minor commercial"
"Pagrus_pagrus","commercial"
"Parablennius_gattorugine","minor commercial"
"Parablennius_incognitus",NA
"Parablennius_intermedius",NA
"Parablennius_laticlavius",NA
"Parablennius_marmoreus","of no interest"
"Parablennius_pilicornis",NA
"Parablennius_rouxi",NA
"Parablennius_sanguinolentus","minor commercial"
"Parablennius_serratolineatus",NA
"Parablennius_tasmanianus",NA
"Parablennius_zvonimiri",NA
"Paracaesio_xanthura","commercial"
"Paracanthurus_hepatus",NA
"Paracentropyge_multifasciata",NA
"Parachaetodon_ocellatus","of no interest"
"Paracheilinus_cyaneus",NA
"Paracheilinus_octotaenia",NA
"Paracirrhites_arcatus","of no interest"
"Paracirrhites_forsteri","minor commercial"
"Paracirrhites_hemistictus",NA
"Paracirrhites_nisus",NA
"Paracirrhites_xanthus",NA
"Paradiancistrus_cuyoensis",NA
"Paragobiodon_echinocephalus",NA
"Paragobiodon_xanthosoma",NA
"Parajulis_poecilepterus","commercial"
"Paralabrax_albomaculatus",NA
"Paralabrax_auroguttatus","minor commercial"
"Paralabrax_clathratus","commercial"
"Paralabrax_maculatofasciatus","of no interest"
"Paralabrax_nebulifer",NA
"Paraluteres_prionurus",NA
"Paramonacanthus_japonicus",NA
"Paranotothenia_magellanica","commercial"
"Paranthias_colonus","subsistence fisheries"
"Paranthias_furcifer","subsistence fisheries"
"Parapercis_australis",NA
"Parapercis_clathrata",NA
"Parapercis_colias","commercial"
"Parapercis_haackei",NA
"Parapercis_lineopunctata",NA
"Parapercis_millepunctata",NA
"Parapercis_multiplicata","of no interest"
"Parapercis_pacifica",NA
"Parapercis_queenslandica",NA
"Parapercis_ramsayi",NA
"Parapercis_schauinslandii",NA
"Parapercis_snyderi",NA
"Parapercis_stricticeps",NA
"Parapercis_tetracantha",NA
"Parapercis_xanthogramma",NA
"Parapercis_xanthozona",NA
"Paraplesiops_bleekeri",NA
"Paraplesiops_meleagris","commercial"
"Paraplesiops_poweri",NA
"Paraplotosus_butleri",NA
"Parapriacanthus_dispar",NA
"Parapriacanthus_elongatus",NA
"Parapriacanthus_ransonneti",NA
"Parapristipoma_octolineatum","commercial"
"Parapristipoma_trilineatum","commercial"
"Parascorpis_typus",NA
"Paratrachichthys_trailli","of no interest"
"Pareques_acuminatus","minor commercial"
"Pareques_perissa",NA
"Pareques_viola","minor commercial"
"Parequula_melbournensis",NA
"Paristiopterus_gallipavo","commercial"
"Paristiopterus_labiosus","commercial"
"Parma_alboscapularis",NA
"Parma_bicolor",NA
"Parma_kermadecensis",NA
"Parma_mccullochi",NA
"Parma_microlepis",NA
"Parma_occidentalis",NA
"Parma_oligolepis",NA
"Parma_polylepis",NA
"Parma_unifasciata",NA
"Parma_victoriae",NA
"Parupeneus_barberinoides","commercial"
"Parupeneus_barberinus","commercial"
"Parupeneus_chrysopleuron",NA
"Parupeneus_ciliatus","commercial"
"Parupeneus_crassilabris","commercial"
"Parupeneus_cyclostomus","commercial"
"Parupeneus_forsskali","minor commercial"
"Parupeneus_heptacanthus","commercial"
"Parupeneus_indicus","commercial"
"Parupeneus_insularis",NA
"Parupeneus_macronemus","commercial"
"Parupeneus_multifasciatus","commercial"
"Parupeneus_pleurostigma","minor commercial"
"Parupeneus_porphyreus",NA
"Parupeneus_spilurus","commercial"
"Patagonotothen_cornucola",NA
"Patagonotothen_guntheri",NA
"Patagonotothen_tessellata",NA
"Patagonotothen_wiltoni",NA
"Pelates_octolineatus","of no interest"
"Pelates_quadrilineatus","minor commercial"
"Pelsartia_humeralis",NA
"Pempheris_adspersa",NA
"Pempheris_adusta",NA
"Pempheris_affinis",NA
"Pempheris_analis",NA
"Pempheris_compressa",NA
"Pempheris_klunzingeri",NA
"Pempheris_mangula",NA
"Pempheris_molucca",NA
"Pempheris_multiradiata",NA
"Pempheris_ornata",NA
"Pempheris_oualensis","minor commercial"
"Pempheris_schomburgkii",NA
"Pempheris_schwenkii",NA
"Pempheris_vanicolensis",NA
"Pentaceropsis_recurvirostris","commercial"
"Pentapodus_aureofasciatus",NA
"Pentapodus_caninus","subsistence fisheries"
"Pentapodus_emeryii","subsistence fisheries"
"Pentapodus_paradiseus","subsistence fisheries"
"Pentapodus_porosus","subsistence fisheries"
"Pentapodus_trivittatus","subsistence fisheries"
"Pentapodus_vitta","subsistence fisheries"
"Pervagor_alternans",NA
"Pervagor_aspricaudus",NA
"Pervagor_janthinosoma",NA
"Pervagor_marginalis",NA
"Pervagor_melanocephalus","minor commercial"
"Petroscirtes_breviceps",NA
"Petroscirtes_fallax",NA
"Petroscirtes_lupus",NA
"Petroscirtes_mitratus",NA
"Phanerodon_atripes",NA
"Pholidapus_dybowskii",NA
"Pholidichthys_leucotaenia","of no interest"
"Pholis_crassispina",NA
"Pholis_gunnellus","of no interest"
"Phyllogobius_platycephalops",NA
"Pictichromis_paccagnellae","of no interest"
"Pictichromis_porphyrea",NA
"Pictilabrus_laticlavius",NA
"Pictilabrus_viridis",NA
"Pinguipes_brasilianus","of no interest"
"Pinguipes_chilensis","of no interest"
"Plagiotremus_azaleus",NA
"Plagiotremus_ewaensis",NA
"Plagiotremus_goslinei",NA
"Plagiotremus_laudandus",NA
"Plagiotremus_phenax",NA
"Plagiotremus_rhinorhynchos",NA
"Plagiotremus_tapeinosoma",NA
"Plagiotremus_townsendi",NA
"Platax_batavianus",NA
"Platax_boersii",NA
"Platax_orbicularis","minor commercial"
"Platax_pinnatus","minor commercial"
"Platax_teira","minor commercial"
"Platycephalus_bassensis","commercial"
"Platycephalus_endrachtensis",NA
"Platycephalus_fuscus","commercial"
"Platycephalus_laevigatus",NA
"Platycephalus_richardsoni","commercial"
"Platycephalus_speculator","of no interest"
"Platygillellus_rubellulus",NA
"Plectorhinchus_albovittatus",NA
"Plectorhinchus_caeruleonothus",NA
"Plectorhinchus_chaetodonoides","minor commercial"
"Plectorhinchus_chrysotaenia",NA
"Plectorhinchus_diagrammus","commercial"
"Plectorhinchus_flavomaculatus","commercial"
"Plectorhinchus_gibbosus","commercial"
"Plectorhinchus_lessonii",NA
"Plectorhinchus_lineatus","minor commercial"
"Plectorhinchus_multivittatus","commercial"
"Plectorhinchus_picus","commercial"
"Plectorhinchus_polytaenia","commercial"
"Plectorhinchus_vittatus",NA
"Plectranthias_nanus",NA
"Plectroglyphidodon_dickii","minor commercial"
"Plectroglyphidodon_flaviventris",NA
"Plectroglyphidodon_imparipennis","of no interest"
"Plectroglyphidodon_johnstonianus","of no interest"
"Plectroglyphidodon_lacrymatus","of no interest"
"Plectroglyphidodon_leucozonus","of no interest"
"Plectroglyphidodon_phoenixensis","of no interest"
"Plectropomus_areolatus","minor commercial"
"Plectropomus_laevis","commercial"
"Plectropomus_leopardus","commercial"
"Plectropomus_maculatus","commercial"
"Plectropomus_oligacanthus","minor commercial"
"Plectropomus_pessuliferus","commercial"
"Pleurosicya_elongata",NA
"Pleurosicya_mossambica",NA
"Plotosus_canius","commercial"
"Plotosus_japonicus",NA
"Plotosus_lineatus","commercial"
"Pollachius_pollachius","commercial"
"Pollachius_virens","highly commercial"
"Polysteganus_praeorbitalis","commercial"
"Polysteganus_undulosus","minor commercial"
"Pomacanthus_arcuatus","minor commercial"
"Pomacanthus_imperator","minor commercial"
"Pomacanthus_navarchus","subsistence fisheries"
"Pomacanthus_paru","minor commercial"
"Pomacanthus_semicirculatus","minor commercial"
"Pomacanthus_sexstriatus","subsistence fisheries"
"Pomacanthus_xanthometopon","commercial"
"Pomacanthus_zonipectus","subsistence fisheries"
"Pomacentrus_adelus",NA
"Pomacentrus_albimaculus",NA
"Pomacentrus_alexanderae",NA
"Pomacentrus_alleni",NA
"Pomacentrus_amboinensis",NA
"Pomacentrus_aurifrons",NA
"Pomacentrus_auriventris",NA
"Pomacentrus_australis",NA
"Pomacentrus_baenschi",NA
"Pomacentrus_bankanensis",NA
"Pomacentrus_brachialis",NA
"Pomacentrus_burroughi",NA
"Pomacentrus_caeruleus","of no interest"
"Pomacentrus_callainus",NA
"Pomacentrus_chrysurus",NA
"Pomacentrus_coelestis",NA
"Pomacentrus_cuneatus",NA
"Pomacentrus_grammorhynchus","of no interest"
"Pomacentrus_imitator",NA
"Pomacentrus_indicus",NA
"Pomacentrus_lepidogenys","highly commercial"
"Pomacentrus_microspilus",NA
"Pomacentrus_milleri",NA
"Pomacentrus_moluccensis",NA
"Pomacentrus_nagasakiensis",NA
"Pomacentrus_nigromanus","of no interest"
"Pomacentrus_nigromarginatus",NA
"Pomacentrus_opisthostigma",NA
"Pomacentrus_pavo","minor commercial"
"Pomacentrus_philippinus",NA
"Pomacentrus_reidi",NA
"Pomacentrus_simsiang",NA
"Pomacentrus_smithi",NA
"Pomacentrus_spilotoceps",NA
"Pomacentrus_sulfureus",NA
"Pomacentrus_trichrourus","of no interest"
"Pomacentrus_trilineatus","of no interest"
"Pomacentrus_tripunctatus","minor commercial"
"Pomacentrus_vaiuli",NA
"Pomacentrus_wardi",NA
"Pomachromis_fuscidorsalis",NA
"Pomachromis_richardsoni","of no interest"
"Pomadasys_incisus","minor commercial"
"Pomatomus_saltatrix","highly commercial"
"Pomatoschistus_minutus","of no interest"
"Pomatoschistus_pictus",NA
"Porichthys_notatus","of potential interest"
"Praealticus_natalis",NA
"Premnas_biaculeatus",NA
"Priacanthus_blochii",NA
"Priacanthus_hamrur","minor commercial"
"Priolepis_ascensionis",NA
"Prionotus_miles","of no interest"
"Prionurus_laticlavius",NA
"Prionurus_maculatus",NA
"Prionurus_microlepidotus",NA
"Prionurus_punctatus",NA
"Prionurus_scalprum",NA
"Pristiapogon_exostigma",NA
"Pristiapogon_kallopterus",NA
"Pristicon_trimaculatus",NA
"Prognathodes_aculeatus",NA
"Prognathodes_falcifer",NA
"Prolatilus_jugularis","commercial"
"Psammoperca_waigiensis","commercial"
"Pseudanthias_bicolor","of no interest"
"Pseudanthias_dispar",NA
"Pseudanthias_evansi","of no interest"
"Pseudanthias_hiva",NA
"Pseudanthias_huchtii",NA
"Pseudanthias_hypselosoma",NA
"Pseudanthias_ignitus",NA
"Pseudanthias_lori",NA
"Pseudanthias_mooreanus",NA
"Pseudanthias_olivaceus",NA
"Pseudanthias_pascalus",NA
"Pseudanthias_pictilis",NA
"Pseudanthias_pleurotaenia",NA
"Pseudanthias_regalis",NA
"Pseudanthias_rubrizonatus",NA
"Pseudanthias_squamipinnis","minor commercial"
"Pseudanthias_taeniatus",NA
"Pseudanthias_tuka",NA
"Pseudobalistes_flavimarginatus","commercial"
"Pseudobalistes_fuscus","commercial"
"Pseudobalistes_naufragium",NA
"Pseudoblennius_cottoides",NA
"Pseudocaranx_dentex","commercial"
"Pseudocaranx_georgianus",NA
"Pseudocaranx_wrighti","subsistence fisheries"
"Pseudocheilinops_ataenia","of no interest"
"Pseudocheilinus_evanidus",NA
"Pseudocheilinus_hexataenia",NA
"Pseudocheilinus_ocellatus",NA
"Pseudocheilinus_octotaenia",NA
"Pseudocheilinus_tetrataenia",NA
"Pseudochromis_ammeri",NA
"Pseudochromis_bitaeniatus",NA
"Pseudochromis_cyanotaenia",NA
"Pseudochromis_elongatus",NA
"Pseudochromis_flavivertex",NA
"Pseudochromis_fridmani",NA
"Pseudochromis_fuscus",NA
"Pseudochromis_marshallensis",NA
"Pseudochromis_olivaceus",NA
"Pseudochromis_pesi",NA
"Pseudochromis_springeri",NA
"Pseudochromis_wilsoni",NA
"Pseudocoris_aurantiofasciata",NA
"Pseudocoris_bleekeri",NA
"Pseudocoris_yamashiroi","of no interest"
"Pseudodax_moluccanus","minor commercial"
"Pseudojuloides_atavai",NA
"Pseudojuloides_cerasinus",NA
"Pseudojuloides_elongatus",NA
"Pseudolabrus_biserialis",NA
"Pseudolabrus_fuentesi",NA
"Pseudolabrus_guentheri","minor commercial"
"Pseudolabrus_luculentus",NA
"Pseudolabrus_miles",NA
"Pseudolabrus_rubicundus",NA
"Pseudolabrus_semifasciatus",NA
"Pseudolabrus_sieboldi",NA
"Pseudopercis_semifasciata","commercial"
"Pseudophycis_bachus","highly commercial"
"Pseudophycis_barbata","minor commercial"
"Pseudotolithus_senegalensis","minor commercial"
"Pseudupeneus_grandisquamis",NA
"Pseudupeneus_maculatus","commercial"
"Pseudupeneus_prayensis","commercial"
"Psilotris_boehlkei",NA
"Pteragogus_aurigarius",NA
"Pteragogus_cryptus","of no interest"
"Pteragogus_enneacanthus",NA
"Pteragogus_flagellifer",NA
"Pterapogon_kauderni","of no interest"
"Ptereleotris_calliura",NA
"Ptereleotris_evides",NA
"Ptereleotris_hanae",NA
"Ptereleotris_heteroptera",NA
"Ptereleotris_microlepis",NA
"Ptereleotris_monoptera",NA
"Ptereleotris_zebra",NA
"Pterocaesio_chrysozona","commercial"
"Pterocaesio_digramma","commercial"
"Pterocaesio_marri","minor commercial"
"Pterocaesio_pisang","commercial"
"Pterocaesio_randalli","minor commercial"
"Pterocaesio_tessellata","commercial"
"Pterocaesio_tile","commercial"
"Pterocaesio_trilineata","subsistence fisheries"
"Pterogobius_zacalles",NA
"Pterogymnus_laniarius","commercial"
"Pterois_antennata","subsistence fisheries"
"Pterois_miles",NA
"Pterois_radiata","subsistence fisheries"
"Pterois_volitans","commercial"
"Pygoplites_diacanthus","minor commercial"
"Quassiremus_evionthas",NA
"Rachycentron_canadum","minor commercial"
"Rastrelliger_kanagurta","highly commercial"
"Remora_remora","commercial"
"Repomucenus_calcaratus",NA
"Rhabdamia_gracilis",NA
"Rhabdosargus_holubi","minor commercial"
"Rhabdosargus_sarba","commercial"
"Rhacochilus_toxotes","commercial"
"Rhacochilus_vacca","commercial"
"Rhinecanthus_aculeatus","minor commercial"
"Rhinecanthus_assasi",NA
"Rhinecanthus_lunula",NA
"Rhinecanthus_rectangulus","minor commercial"
"Rhinecanthus_verrucosus","minor commercial"
"Rhinogobiops_nicholsii",NA
"Rhinomuraena_quaesita",NA
"Rhomboplites_aurorubens","minor commercial"
"Rhycherus_filamentosus",NA
"Rhynchostracion_nasus",NA
"Ruanoho_whero",NA
"Rypticus_bicolor",NA
"Rypticus_courtenayi",NA
"Rypticus_nigripinnis",NA
"Rypticus_saponaceus","subsistence fisheries"
"Salarias_alboguttatus",NA
"Salarias_ceramensis","minor commercial"
"Salarias_fasciatus","minor commercial"
"Salarias_guttatus",NA
"Salarias_segmentatus",NA
"Salmo_salar","highly commercial"
"Sanopus_astrifer",NA
"Sanopus_reticulatus",NA
"Sanopus_splendidus",NA
"Sarda_australis","minor commercial"
"Sarda_orientalis","minor commercial"
"Sarda_sarda","highly commercial"
"Sardina_pilchardus","highly commercial"
"Sardinella_aurita","highly commercial"
"Sardinops_sagax","highly commercial"
"Sargocentron_caudimaculatum","minor commercial"
"Sargocentron_cornutum",NA
"Sargocentron_diadema","minor commercial"
"Sargocentron_hormion",NA
"Sargocentron_ittodai",NA
"Sargocentron_melanospilos",NA
"Sargocentron_microstoma",NA
"Sargocentron_rubrum","minor commercial"
"Sargocentron_spiniferum","minor commercial"
"Sargocentron_suborbitale",NA
"Sargocentron_tiere",NA
"Sargocentron_tiereoides",NA
"Sargocentron_vexillarium",NA
"Sargocentron_violaceum",NA
"Sarpa_salpa","commercial"
"Saurida_gracilis","commercial"
"Saurida_nebulosa","commercial"
"Scaevius_milii","minor commercial"
"Scartella_poiti",NA
"Scartella_springeri",NA
"Scarus_altipinnis",NA
"Scarus_chameleon",NA
"Scarus_coelestinus","minor commercial"
"Scarus_coeruleus","minor commercial"
"Scarus_compressus",NA
"Scarus_dimidiatus","commercial"
"Scarus_falcipinnis","commercial"
"Scarus_ferrugineus","commercial"
"Scarus_festivus","minor commercial"
"Scarus_flavipectoralis",NA
"Scarus_forsteni","commercial"
"Scarus_frenatus","commercial"
"Scarus_fuscopurpureus","commercial"
"Scarus_ghobban","commercial"
"Scarus_globiceps","commercial"
"Scarus_guacamaia","minor commercial"
"Scarus_iseri","minor commercial"
"Scarus_koputea","of no interest"
"Scarus_longipinnis",NA
"Scarus_niger","commercial"
"Scarus_oviceps","commercial"
"Scarus_perrico",NA
"Scarus_prasiognathos","commercial"
"Scarus_psittacus","commercial"
"Scarus_quoyi","commercial"
"Scarus_rivulatus","commercial"
"Scarus_rubroviolaceus","commercial"
"Scarus_russelii","commercial"
"Scarus_scaber","commercial"
"Scarus_schlegeli","commercial"
"Scarus_spinus",NA
"Scarus_taeniopterus","minor commercial"
"Scarus_tricolor","commercial"
"Scarus_trispinosus",NA
"Scarus_vetula","minor commercial"
"Scarus_viridifucatus","commercial"
"Scarus_zelindae",NA
"Schuettea_scalaripinnis",NA
"Schuettea_woodwardi",NA
"Sciaena_umbra","commercial"
"Scobinichthys_granulatus",NA
"Scolecenchelys_breviceps",NA
"Scolopsis_affinis","subsistence fisheries"
"Scolopsis_aurata","subsistence fisheries"
"Scolopsis_bilineata","subsistence fisheries"
"Scolopsis_ciliata","subsistence fisheries"
"Scolopsis_frenata","subsistence fisheries"
"Scolopsis_ghanam","subsistence fisheries"
"Scolopsis_lineata","minor commercial"
"Scolopsis_margaritifera","subsistence fisheries"
"Scolopsis_monogramma","minor commercial"
"Scolopsis_temporalis","subsistence fisheries"
"Scolopsis_trilineata","subsistence fisheries"
"Scolopsis_vosmeri","commercial"
"Scolopsis_xenochrous","subsistence fisheries"
"Scomber_australasicus","commercial"
"Scomber_colias",NA
"Scomberoides_commersonnianus","minor commercial"
"Scomberoides_lysan","minor commercial"
"Scomberoides_tol","minor commercial"
"Scomberomorus_commerson","highly commercial"
"Scomberomorus_maculatus","highly commercial"
"Scomberomorus_queenslandicus","commercial"
"Scomberomorus_regalis","minor commercial"
"Scomberomorus_sierra","commercial"
"Scombrops_boops",NA
"Scorpaena_ascensionis",NA
"Scorpaena_canariensis",NA
"Scorpaena_cardinalis",NA
"Scorpaena_guttata","minor commercial"
"Scorpaena_histrio","of potential interest"
"Scorpaena_jacksoniensis",NA
"Scorpaena_maderensis","commercial"
"Scorpaena_mellissii",NA
"Scorpaena_mystes","subsistence fisheries"
"Scorpaena_notata","commercial"
"Scorpaena_papillosa",NA
"Scorpaena_plumieri","minor commercial"
"Scorpaena_porcus","minor commercial"
"Scorpaena_scrofa","commercial"
"Scorpaena_sumptuosa",NA
"Scorpaenichthys_marmoratus","commercial"
"Scorpaenodes_evides",NA
"Scorpaenodes_parvipinnis",NA
"Scorpaenodes_scaber",NA
"Scorpaenopsis_cirrosa","commercial"
"Scorpaenopsis_diabolus",NA
"Scorpaenopsis_neglecta","of no interest"
"Scorpaenopsis_oxycephala",NA
"Scorpaenopsis_papuensis",NA
"Scorpaenopsis_possi",NA
"Scorpis_aequipinnis",NA
"Scorpis_georgiana","minor commercial"
"Scorpis_lineolata",NA
"Scorpis_violacea","commercial"
"Sebastapistes_cyanostigma",NA
"Sebastapistes_strongia",NA
"Sebastes_atrovirens",NA
"Sebastes_auriculatus","minor commercial"
"Sebastes_carnatus",NA
"Sebastes_caurinus","minor commercial"
"Sebastes_chrysomelas",NA
"Sebastes_flavidus","commercial"
"Sebastes_inermis","commercial"
"Sebastes_maliger","commercial"
"Sebastes_mystinus",NA
"Sebastes_oculatus","commercial"
"Sebastes_paucispinis","minor commercial"
"Sebastes_rastrelliger",NA
"Sebastes_rosaceus","commercial"
"Sebastes_serranoides",NA
"Sebastes_serriceps",NA
"Sebastiscus_albofasciatus",NA
"Sebastiscus_marmoratus","commercial"
"Selar_boops","commercial"
"Selar_crumenophthalmus","highly commercial"
"Selaroides_leptolepis","commercial"
"Semicossyphus_darwini","of potential interest"
"Semicossyphus_pulcher","commercial"
"Seriola_dumerili","minor commercial"
"Seriola_hippos","minor commercial"
"Seriola_lalandi","minor commercial"
"Seriola_rivoliana","commercial"
"Seriolella_brama","commercial"
"Serranocirrhitus_latus","of no interest"
"Serranus_atricauda","commercial"
"Serranus_baldwini",NA
"Serranus_cabrilla","minor commercial"
"Serranus_flaviventris",NA
"Serranus_psittacinus","of no interest"
"Serranus_scriba","minor commercial"
"Serranus_socorroensis",NA
"Serranus_tabacarius",NA
"Serranus_tico",NA
"Serranus_tigrinus",NA
"Serranus_tortugarum",NA
"Siganus_argenteus","commercial"
"Siganus_corallinus","commercial"
"Siganus_doliatus","minor commercial"
"Siganus_fuscescens","commercial"
"Siganus_guttatus","commercial"
"Siganus_javus","commercial"
"Siganus_lineatus","commercial"
"Siganus_luridus","minor commercial"
"Siganus_niger","commercial"
"Siganus_puelloides",NA
"Siganus_puellus","minor commercial"
"Siganus_punctatissimus","minor commercial"
"Siganus_punctatus","commercial"
"Siganus_rivulatus","minor commercial"
"Siganus_spinus","minor commercial"
"Siganus_stellatus","commercial"
"Siganus_trispilos",NA
"Siganus_vermiculatus","commercial"
"Siganus_virgatus","minor commercial"
"Siganus_vulpinus","minor commercial"
"Signigobius_biocellatus","of no interest"
"Sillaginodes_punctatus","commercial"
"Sillago_ciliata","highly commercial"
"Sillago_schomburgkii","minor commercial"
"Siphamia_cephalotes",NA
"Siphamia_roseigaster",NA
"Siphonognathus_argyrophanes","of no interest"
"Siphonognathus_attenuatus","of no interest"
"Siphonognathus_beddomei","of no interest"
"Siphonognathus_caninis","of no interest"
"Siphonognathus_radiatus","of no interest"
"Sparisoma_amplum",NA
"Sparisoma_atomarium",NA
"Sparisoma_aurofrenatum","minor commercial"
"Sparisoma_axillare",NA
"Sparisoma_chrysopterum","minor commercial"
"Sparisoma_cretense","commercial"
"Sparisoma_frondosum",NA
"Sparisoma_radians","of potential interest"
"Sparisoma_rubripinne","minor commercial"
"Sparisoma_viride","minor commercial"
"Sparodon_durbanensis","commercial"
"Sphaeramia_nematoptera",NA
"Sphoeroides_annulatus",NA
"Sphoeroides_lobatus",NA
"Sphoeroides_marmoratus","commercial"
"Sphoeroides_spengleri","of no interest"
"Sphyraena_barracuda","minor commercial"
"Sphyraena_ensis","commercial"
"Sphyraena_flavicauda","commercial"
"Sphyraena_helleri",NA
"Sphyraena_idiastes",NA
"Sphyraena_jello","commercial"
"Sphyraena_novaehollandiae","commercial"
"Sphyraena_obtusata","commercial"
"Sphyraena_putnamae","commercial"
"Sphyraena_qenie","commercial"
"Sphyraena_viridensis",NA
"Spicara_maena","minor commercial"
"Spondyliosoma_cantharus","commercial"
"Spondyliosoma_emarginatum","commercial"
"Spratelloides_gracilis","minor commercial"
"Spratelloides_robustus","minor commercial"
"Springeratus_polyporatus",NA
"Squamicreedia_obtusa",NA
"Stanulus_talboti",NA
"Starksia_galapagensis",NA
"Stegastes_acapulcoensis",NA
"Stegastes_adustus",NA
"Stegastes_albifasciatus",NA
"Stegastes_altus",NA
"Stegastes_apicalis",NA
"Stegastes_arcifrons",NA
"Stegastes_aureus",NA
"Stegastes_beebei",NA
"Stegastes_diencaeus",NA
"Stegastes_emeryi",NA
"Stegastes_fasciolatus","minor commercial"
"Stegastes_flavilatus",NA
"Stegastes_fuscus",NA
"Stegastes_gascoynei",NA
"Stegastes_insularis",NA
"Stegastes_leucorus",NA
"Stegastes_leucostictus",NA
"Stegastes_nigricans","minor commercial"
"Stegastes_obreptus",NA
"Stegastes_partitus",NA
"Stegastes_pictus",NA
"Stegastes_planifrons",NA
"Stegastes_punctatus","minor commercial"
"Stegastes_rectifraenum",NA
"Stegastes_redemptus",NA
"Stegastes_variabilis",NA
"Stephanolepis_cirrhifer","highly commercial"
"Stephanolepis_hispidus","subsistence fisheries"
"Stereolepis_gigas","commercial"
"Stethojulis_albovittata",NA
"Stethojulis_balteata",NA
"Stethojulis_bandanensis","minor commercial"
"Stethojulis_interrupta","of no interest"
"Stethojulis_marquesensis",NA
"Stethojulis_strigiventer",NA
"Stethojulis_terina",NA
"Stethojulis_trilineata","subsistence fisheries"
"Stichaeus_punctatus_punctatus",NA
"Stygnobrotula_latebricola","of no interest"
"Suezichthys_arquatus",NA
"Suezichthys_aylingi",NA
"Suezichthys_cyanolaemus",NA
"Suezichthys_devisi",NA
"Sufflamen_albicaudatum",NA
"Sufflamen_bursa","minor commercial"
"Sufflamen_chrysopterum","minor commercial"
"Sufflamen_fraenatum","minor commercial"
"Sufflamen_verres",NA
"Symphodus_cinereus","subsistence fisheries"
"Symphodus_doderleini",NA
"Symphodus_mediterraneus","subsistence fisheries"
"Symphodus_melops","subsistence fisheries"
"Symphodus_ocellatus",NA
"Symphodus_roissali","subsistence fisheries"
"Symphodus_rostratus",NA
"Symphodus_tinca","subsistence fisheries"
"Symphodus_trutta",NA
"Symphorichthys_spilurus","minor commercial"
"Symphorus_nematophorus","commercial"
"Synanceia_horrida",NA
"Synanceia_verrucosa","minor commercial"
"Synchiropus_bartelsi",NA
"Synchiropus_morrisoni",NA
"Synchiropus_moyeri",NA
"Synchiropus_splendidus",NA
"Synchiropus_stellatus",NA
"Synchirus_gilli",NA
"Synodus_binotatus","minor commercial"
"Synodus_capricornis","of no interest"
"Synodus_dermatogenys",NA
"Synodus_doaki",NA
"Synodus_intermedius","minor commercial"
"Synodus_jaculum","minor commercial"
"Synodus_lacertinus",NA
"Synodus_rubromarmoratus",NA
"Synodus_sageneus","commercial"
"Synodus_saurus","minor commercial"
"Synodus_synodus","commercial"
"Synodus_ulae",NA
"Synodus_variegatus","commercial"
"Taenianotus_triacanthus",NA
"Taurulus_bubalis","of no interest"
"Tautoga_onitis","minor commercial"
"Tautogolabrus_adspersus",NA
"Tetractenos_glaber",NA
"Thalassoma_amblycephalum","of no interest"
"Thalassoma_bifasciatum",NA
"Thalassoma_cupido",NA
"Thalassoma_duperrey",NA
"Thalassoma_grammaticum","of no interest"
"Thalassoma_hardwicke","minor commercial"
"Thalassoma_hebraicum","subsistence fisheries"
"Thalassoma_heiseri",NA
"Thalassoma_jansenii",NA
"Thalassoma_lucasanum",NA
"Thalassoma_lunare","minor commercial"
"Thalassoma_lutescens","minor commercial"
"Thalassoma_nigrofasciatum",NA
"Thalassoma_pavo","minor commercial"
"Thalassoma_purpureum","minor commercial"
"Thalassoma_quinquevittatum",NA
"Thalassoma_robertsoni",NA
"Thalassoma_rueppellii",NA
"Thalassoma_septemfasciatum",NA
"Thalassoma_trilobatum","minor commercial"
"Thalassoma_virens",NA
"Thamnaconus_analis",NA
"Thorogobius_ephippiatus",NA
"Thunnus_albacares","highly commercial"
"Thyrsites_atun","highly commercial"
"Thysanophrys_cirronasa",NA
"Tigrigobius_harveyi",NA
"Tigrigobius_nesiotes",NA
"Tigrigobius_redimiculus",NA
"Tigrigobius_saucrus",NA
"Tilodon_sexfasciatus","commercial"
"Tomicodon_bidens",NA
"Torquigener_pleurogramma","of no interest"
"Torquigener_squamicauda",NA
"Totoaba_macdonaldi","commercial"
"Trachichthys_australis","of no interest"
"Trachinops_brauni",NA
"Trachinops_caudimaculatus",NA
"Trachinops_noarlungae",NA
"Trachinops_taeniatus",NA
"Trachinotus_anak","subsistence fisheries"
"Trachinotus_baillonii","minor commercial"
"Trachinotus_blochii","minor commercial"
"Trachinotus_ovatus","minor commercial"
"Trachinotus_rhodopus","minor commercial"
"Trachinotus_stilbe","minor commercial"
"Trachinus_draco","minor commercial"
"Trachurus_declivis","highly commercial"
"Trachurus_indicus","commercial"
"Trachurus_japonicus","highly commercial"
"Trachurus_novaezelandiae","commercial"
"Trachurus_symmetricus","commercial"
"Trachurus_trachurus","highly commercial"
"Trachypoma_macracanthus",NA
"Tragulichthys_jaculiferus","of no interest"
"Trianectes_bucephalus","of no interest"
"Tridentiger_trigonocephalus",NA
"Trimma_benjamini",NA
"Trimma_caesiura",NA
"Trimma_lantana",NA
"Trimma_okinawae",NA
"Trimma_striatum",NA
"Trinorfolkia_clarkei","of no interest"
"Trinorfolkia_cristata","of no interest"
"Tripterygion_delaisi",NA
"Tripterygion_melanurum",NA
"Trisopterus_minutus","commercial"
"Tylosurus_crocodilus_crocodilus",NA
"Ucla_xenogrammus","of no interest"
"Ulua_mentalis","commercial"
"Umbrina_galapagorum","minor commercial"
"Upeneichthys_lineatus","commercial"
"Upeneichthys_vlamingii",NA
"Upeneus_moluccensis","commercial"
"Upeneus_tragula","commercial"
"Uraspis_helvola","minor commercial"
"Valenciennea_alleni",NA
"Valenciennea_helsdingenii",NA
"Valenciennea_immaculata",NA
"Valenciennea_longipinnis","minor commercial"
"Valenciennea_muralis",NA
"Valenciennea_parva",NA
"Valenciennea_puellaris",NA
"Valenciennea_randalli",NA
"Valenciennea_sexguttata",NA
"Valenciennea_strigata",NA
"Variola_albimarginata","subsistence fisheries"
"Variola_louti","commercial"
"Verulux_cypselurus",NA
"Vincentia_conspersa",NA
"Vincentia_novaehollandiae",NA
"Vladichthys_gloverensis",NA
"Xanthichthys_mento",NA
"Xenichthys_agassizii",NA
"Xenocys_jessiae",NA
"Xyrichtys_novacula","minor commercial"
"Xyrichtys_victori",NA
"Xyrichtys_wellingtoni",NA
"Zabidius_novemaculeatus",NA
"Zanclistius_elevatus",NA
"Zanclus_cornutus","subsistence fisheries"
"Zebrasoma_desjardinii","commercial"
"Zebrasoma_flavescens",NA
"Zebrasoma_rostratum",NA
"Zebrasoma_scopas",NA
"Zebrasoma_velifer","minor commercial"
"Zebrasoma_xanthurum",NA
"Zeus_faber","commercial"
"Zoarchias_veneficus",NA
"Zoramia_fragilis",NA
"Zoramia_leptacantha",NA
"Zoramia_viridiventer",NA
